path,bytes,sha256
accepted/02 Primary & secondary.mp4,45878425,055cdd67080ebd3d084e6f3fddb912af28fe4866388412c9ac0c471cd3fae8c2
accepted/03 Tanshi Correction.MP4,35498819,21072166f72624d54f04325c695ab994bb0a8b1905bd0a78f5fa6aa021e56879
accepted/04 Brooklyn Bridge_1.MP4,76382363,55030ad56c4f5f9e3ede68721ad81e278393b1af2cafb4b2b8d9afb1f73af70c
accepted/05 Banglore Rains_1.MP4,54837227,583b08e3fd67c121b9c8c809881f535a2e4154a2aba284ede3207cb8a45c6802
accepted/08 Chenab Bridge.MP4,81477887,4a6a23a19b41c5ca2713f7b30aa6d71817ccdd863af11c02b9462fae92cea000
accepted/0c1d39eb2db940279bd41fcc6e168eaa.MOV,2679883,085d9a21cb601b909b90104ee2cddceb2762d05212305eb0a5140d522183558b
accepted/10-_2.MP4,50111419,6179c5eae00dfbd005dee8497ce9c5f00cabac43685aa72461f97308d4c7585d
accepted/13 Disadvantage of reak estate.MP4,55486527,c2c63cfbe0d614587218a1deef643588139192638aaba7860f6abe81a7c0c140
accepted/2d7e729dcc794c288af4db8cc42d347d.MOV,4824862,05db959f516f02ee820c3a15ecde5aca0e824a70b86fa0da905750f55ab21225
accepted/4aa085826be64311a397d377afc74764.MOV,5635388,ade2238baf01c06cfd7dc810f26f4ea220c09583708a40a9ca684fda928d2ae1
accepted/6f29d40862e440cd8976243f6902f92d.MOV,4814875,6ac4ca65747ace9460e6c8a4bb545679558e76abce5a9468b0d52d81c65c3ecc
accepted/DA6A5C39-DDC7-4F45-9C15-5DF21679A281.MP4,3971993,fd728e38e2f2fbdc4b60cc333c8d81edc9d520593b631d05af7dc2ca1bebcf27
accepted/Day 7 (1).mp4,13579397,7824766a342fc98d1b60f258ea263512041443aba2107b520f92b685f80765ae
accepted/Day 7 (2).mp4,13579397,7824766a342fc98d1b60f258ea263512041443aba2107b520f92b685f80765ae
accepted/Day 7.mp4,13579397,7824766a342fc98d1b60f258ea263512041443aba2107b520f92b685f80765ae
accepted/Freehold Land-2.MP4,19664160,df41d6bcca0e1f3d9416940b1be72e8a273ee1f66a3051b78d393810647eb841
accepted/IMG_0001.MOV,20569205,f89d966c5ef91ab9129625571ad20a96c8eb9f1f0af79402638f9d27054f3c9b
accepted/IMG_0022.MOV,33475540,853bb6d275b4cc65459e93dbdc30d8809cfd372e98055a3a70528ba13228a262
accepted/IMG_0023.MOV,21340565,39ecf2610310c73842e1f48e454a201bfd0ab479ccdf7d13f2b310062470449d
accepted/IMG_0026.MOV,16846516,013a4721cd6757e49bbf049c7de26363b338a80a7a35a461c4a711f1127db3c7
accepted/IMG_0028.MOV,16268982,0ecf306eba83ef5d9a4a36fe8864d1fd88c756531db07a8777c7ee44538a5efb
accepted/IMG_0030.MOV,23989604,8bba5d3aefa88c6bf87a96fdb9fb850f1547413e8ab6cfc37beddcbf650c10e4
accepted/IMG_0031.MOV,15403198,266f215edf3831b24030242f56773ee2000b17ea288ed7cb3e6ce3069a8b3ac8
accepted/IMG_0032.MOV,17721194,b33a8d631fc991f1f9367cc4a720eef162663e2ec21b733f317a23348a8172a5
accepted/IMG_0033.MOV,20237149,3fb776a68f507a7a29bcdbe4733d0d9a05b887df6e85769c16ac91654cc3407c
accepted/IMG_0034.MOV,21069326,c4a9a8d4eb946da3bf707ecdcbe1f8e876e6115a7beff62103d0eaed13fb4cb9
accepted/IMG_0075.MOV,22568807,51619c277ed65116d3d2fc492355e1830a057bf15dd9133bf89b600d4812c251
accepted/IMG_0076.MOV,26631378,96e07983c2a8d6e4fdfe1d959310e64131096c07a7aa53c20ab3fa34456a0572
accepted/IMG_0079.MOV,16132002,b31bd51b2b822f30c55f1f2ef0caeaa944154fb9080a5b75f67e6e035087c631
accepted/IMG_0081.MOV,17005578,ed9dfedc9bd75324d412ad9608b35aaa883e2598f6581e198974b77ae656ff2d
accepted/IMG_0082.MOV,26506395,d1b675f23e926f3b14828c218be490c2af33b8cd5e2d390463dacbc05ca0dd8e
accepted/IMG_0087.MOV,25989838,83b43c6f3b805077c91cf515b1a514b2a8f4cf52cb3f581a16dad040e9a8c2a8
accepted/IMG_0097.MOV,18744979,d004d8670804e5f9f3def04f0563aefb295913e82898f43e1960de716993609f
accepted/IMG_0098.MOV,25466968,685fa68fda939688fc93f7eb9e6e77184f5d0a6018947b79ef0e54348941761e
accepted/IMG_0099.MOV,33532820,327ffebdc2cb85c182d0a20503037d7f5fd2134b16671befc588bf6d935c8161
accepted/IMG_0100.MOV,18920713,5fbcce699edd05c772248e8c5ef4c238908b49c650104ff5e610e6349307154e
accepted/IMG_0101.MOV,14000276,4849556dfc400e68d6db7561a8a9f0093d41106ae4e15616ad4089dffa7aab26
accepted/IMG_0102.MOV,29340974,e6238d9ac2f3d8c627c0fdb0e9cfa19a270f2cef0200e6f7eb6beef3150081cb
accepted/IMG_0107.MOV,156744783,409a2f7ed2d83518ed5a671e8f9b499ca6e01a7fa94a61362923f59f4e88dfc2
accepted/IMG_0150.MOV,12805494,05608be3890af6bb7a2f08225b2543e5e3cdc07886164d211d45533a97608ff5
accepted/IMG_0151.MOV,16848200,43c5be0d169173a18fc3f70d35aa23fea35140923b1bfee3c44bbd7fa39a5c4b
accepted/IMG_0156.MOV,24354730,74391ca651dd265307a21cff732fa3e626c2f4e5040ed0c7ab7d0ce82e9754dd
accepted/IMG_0157.MOV,19588688,d16b09e0a800f4efc6c83642c0d4c34db09973041ea2baed335b985fcc9dfba0
accepted/IMG_0159.MOV,27841122,3af51372a328ecf29351654edf2c5fd269f5ddcaba3f4d288269875e525a60fb
accepted/IMG_0163.MOV,24720264,7fa0f099510835423f8788070f231cb9339307b03b16fe11b0e8f3014cc0be28
accepted/IMG_0182.MOV,12105354,e6acaf2251421e89b31395828918dba33782a49f0e3fc514974b3444b2b05d8a
accepted/IMG_0194.MOV,41610758,3df72fed83f5f2bc72bf1492c04d886b235ada26ed5a7789dbecbd7cb65c4d5e
accepted/IMG_0198.MOV,24957607,1c1e46162c808ef1268c5e9f91c9248d35e12d55b5361f850d0d79c9de2a86c5
accepted/IMG_0206.MOV,38288588,fdfecfe13c10d96e1d42a514f3fb913b9c8384bf3115488524b5aa7f7da26ca6
accepted/IMG_0213.MOV,32792842,1edaf6bf7fbac6c018098e23e822dfc6ec7108231616b0e707b20ec4ca519168
accepted/IMG_0214.MOV,35406227,651f16714c1c1c2a8655f1b214f24dd118c3ad01dafdbd9c1faaa9f6df02ad60
accepted/IMG_0320.MOV,29150026,7d48fd3a417e997ac1312ae32c83a417a8f087546f6fc5aa07d8f1072f6df33c
accepted/IMG_0326.MOV,25619474,04f5adc9a11dbf6bbe170bbe9f32f92d32d5057aa6952c10389db0607ff62fca
accepted/IMG_0328.MOV,32000820,3b9388b0a4ba924e0dcbdaeeeb1791fc7478fdb97ff7febfea14de96f091c650
accepted/IMG_0329.MOV,19811915,caaf81da7238bc60d279889838a18dc422e7e852c0fbbc3801f112c5216d7095
accepted/IMG_0332.MOV,32041956,1a6d097df7065e391c72d55eff94263b1e3008b7e65aa099f07d61c1cdb4d41b
accepted/IMG_0342.MOV,25210919,b34ea5ba5250b9f0f326787d4c83f3fc7a751399623c7dba79000cfbf9565ede
accepted/IMG_0344.MOV,16808836,4b39a462639094b936c79d6ef823e4c6b5b9356c2b9e0e242b8fac07bbc89bd2
accepted/IMG_0346.MOV,21332832,25f05fc00a47f2f44e88d78565a8b428d6717c4b75731b8eb1aac38b3973d075
accepted/IMG_0348.MOV,39365908,76886336924764bc47ee6dcb2177885ddab0f31cae907f5fe426d95ac6a60099
accepted/IMG_0352.MOV,16879092,70b0585032b409cfbea7724d95bbcca72a3c70f51876ac8d42d1d316a68c918c
accepted/IMG_0354.MOV,53700197,5746efeeeb6754afac406166780b2934398f41be9f95a5aeb3a24b5e2f3f09a7
accepted/IMG_0355.MOV,46113478,7fc4d3706e517ef1cadd1c9257b5a82d7d566a437311226d6c2e83e173bd767e
accepted/IMG_0358.MOV,48169153,a009f0ef1daa10a1e1d3792fabd595f8683051b874cb46e658525562597b226e
accepted/IMG_0361.MOV,45723694,062b38701f9b23622cbc686c8a1d5a9dd632d8dfcaccc599894b29001b29105b
accepted/IMG_0365.MOV,28166345,607fae77a43c2cbdef2efe04e9ee2791dd238aa4e0f71a21ab83cc3c537bfed9
accepted/IMG_0370.MOV,14942400,e55dee6df6eac68e46e2b6eb1dc9945baa12a876c76ebe1b0d954709f7f979eb
accepted/IMG_0371 2.MOV,19833033,ea48e0d1b0be254d32dee3d83b11e689aaefb233843dd9c4fd7820e0313d339b
accepted/IMG_0372 2_crop.mp4,3274076,7907f1d1efbe1f4a37dbb8ab10f1a9aae7c4fe7e86dec607debb2541d100e661
accepted/IMG_0372.MOV,5931518,a8d82ad3216d4c1177444f71aa5154d0705e8054661ef6db62558d7cf296131c
accepted/IMG_0374.MOV,34458333,aa05b3a3b19f46ec2d2ccf76363e529aaad29b7fd2cf327ebe0a85ef4bb50060
accepted/IMG_0377.MOV,8772723,b0bea9fdb6e0b14cf5960a30f3eb035e49abc59e21b66329148f48e6ab540d70
accepted/IMG_0378.MOV,13440534,2bc18768dd75f3d5d78a12ada40efde5724b60759cfbc23ab579ab7878934342
accepted/IMG_0381.MOV,5800769,39ae06a61c5257623a78c6c0fb3b46878b2fe580b802c104c3ef74d93f0e75fa
accepted/IMG_0382.MOV,11267820,ece5536f96eb9f15f987b58eec6d124e31088bef4179c0522ad6b0ad4c9c5e64
accepted/IMG_0383.MOV,12537262,6cb8f50e14375d78517d85a8d74abf366ef77bd954ba0c17bad1fac12e062c28
accepted/IMG_0387.MOV,8947037,e370fe5dc43ee2551c3c0a1ede158de4c56561387e61c59d608ee285060c01e0
accepted/IMG_0389.MOV,8401456,baa24cb9a33881a2f19978c5d1df28e0529c44394107f32f0be4bb83da975dbc
accepted/IMG_0392.MOV,5252844,1f35649ce40336d37d9ed76f8d448aabfe459c1c0d0e346f318c91744ad90c3e
accepted/IMG_0400.MOV,12244246,49b60c88238ff763756f38fd6a7c73a74e5aa6fa903a2a525aa560ff42e476f6
accepted/IMG_0402.MOV,13390583,48dd1a3249bb2fbbb1a3c7326d4454a4485cd33b7b45b63cfa840da9a109cd85
accepted/IMG_0405.MOV,14618646,1c0f174e7ab891849a2035b957d932b2e09c29392a79ebc98ec863393df95cf4
accepted/IMG_0407.MOV,51596039,07f2984ea69cdfb0dd645a5d69d553e1ea3a7aa2bab07e27b2befc3dbfc5e459
accepted/IMG_0410.MOV,25574608,e7befc1bb2e6cc93972c80044b2cf27df4cc6038c7ba9bf422eae73fa1ee0842
accepted/IMG_0412.MOV,17117139,473b2e0a16cf5441b081a3d8a2f61313debcc05ea7e56664e60aab065fc14e4a
accepted/IMG_0414.MOV,37664126,5b826b81a406028c68c1ef7ac2aa0f3178fba6aa196989676f33c298765d3c51
accepted/IMG_0417.MOV,22709287,233f687e1aa63d00cbce9176ba679e505b0acaa264622dfd20111e04389b5f52
accepted/IMG_0419.MOV,23352059,7b6fd7ec934e6cff3cc08060c833e8083c4d23a1ea5a94ddc09bfb2e70559e75
accepted/IMG_0420.MOV,19072401,92e1ea77b9de1d39afb148f8db0bf7b6adb50933cc224c800bf67834f575dfcd
accepted/IMG_0421.MOV,15009776,08e702fa0302ae258ae68ab0bdd92a25dd9cc50d9f7ba55cdb1625988d85949f
accepted/IMG_0422.MOV,14429517,88a6b0b57c518e9429325208aba665dd55e917f3cc38e56ede35a509e4b536c7
accepted/IMG_0424.MOV,24434890,8298dd2c67aeee4b5a14a553a7128c40c568d293fc9453dc316889a93660edbc
accepted/IMG_0425.MOV,30316437,8da69ecf76d5787193880db876d36a606642b987283874d971b8a0c9930ff6da
accepted/IMG_0426.MOV,30410838,139cdfed3c73687afaa2cd462d7e134e4dc7fe5b46eb36f2ebff2847ddd6b1cd
accepted/IMG_0429.MOV,14385334,19443ab1d965d99aee0845a17289dccf5a27144773b43f1c12f18de5b9b6a2fc
accepted/IMG_0430 2.MOV,24967255,f2c87f36f4e1263b14765423a3deaa5c942d3f4fd7c583ef910377dd3d1a957d
accepted/IMG_0431.MOV,28028165,a058e3b4a7e6a01889bbaf7f93b16ce16abe2eacdbb4b68c20d850bcce1fef64
accepted/IMG_0455.MOV,36116019,1950bb8b68ec897efc63d7eac4b14dc9a40cfb3519b707d1cf54c29888f5e69d
accepted/IMG_0458.MOV,26071863,fdd119f2cad0e68be215959847e7052a4e4013e67d59708d2b0a907fd877df54
accepted/IMG_0461.MOV,26077523,0f71db01df2e1397692e8e2601cd46de760c56831f80864169a8fa28c9364b54
accepted/IMG_0465.MOV,24988685,508d69dbfcf7dca768f02c7caa7fc254ef20179fed88d28628104617fb92deda
accepted/IMG_0467.MOV,25735823,ca637e8fd8e3dd67d0ee8061420329f31ab0a16882b15eb419f1a59a0ff892d9
accepted/IMG_0468.MOV,27992495,11c8ebd90bbd6e556ba4c82ba973bc34be06590b1659b0e45408a0e38828f17c
accepted/IMG_0470.MOV,22400579,437d1915ef775c7950c72467b488dcca70ea009fb6983bb4231252a23ffa945b
accepted/IMG_0471.MOV,29011248,bd8cc285dab58a2e51cf34fbf34091e8adf32764c2b8aec4d0f5a24e741cf00d
accepted/IMG_0472.MOV,24227723,946241243579a7dbedf8a2fee0465b85e91ee74fc42c506cf29d24a66a6d86d0
accepted/IMG_0476.MOV,15638207,fdb3c604accb6ab3caad169a30db3dd8cbd7be8155f305a92c017ac27b969717
accepted/IMG_0477.MOV,23713364,1ace6ffff7fb41c2817b0bce214f25dc988323c594925f21aec1b9380d988a0e
accepted/IMG_0485.MOV,31354465,1f47f3828fc4c3ffb7f73c4a16a5f5cc1fe0b6f6eabf162150e01c16e6923f92
accepted/IMG_0490.MOV,29314908,7696426ea5f93e1290b54809eca68732f2af46eb66dc3e1ae4dec48477041ba9
accepted/IMG_0491.MOV,31436818,02c8c9cb60e85ff59171babbf46e1f4b972a5d0a77cd504b58733e8fa31cfc04
accepted/IMG_0500.MOV,15548030,c95103bd5d992b4be502b43d0a8d9f8956242921b7ba47a8f94db3a2e1f818d7
accepted/IMG_0514.MOV,31265562,c6ae6a5a2ee254396bd3eb58fc13d7942c0542bf520aaa8bb92a62c0d26c8a19
accepted/IMG_0852.MOV,11095738,1232cf3a877b1d76ad7087d7d45fc92bc0c71ddea6a3afca7215864426fb8bde
accepted/IMG_0904.MOV,5955028,43b09153ae1941920c4c5e6a295e5f2fc6d3f922fd4692d625e13b9a3deac775
accepted/IMG_0909.MOV,11468526,6aa5d0114814f2b07f43d142153f92758648c0d28a5f5301c6929b8fd92677c2
accepted/IMG_0911.MOV,8431114,9d0c4035b9307a34a635810462e5bbbfd9e85a342b7abdea3b1a680b2adeed76
accepted/IMG_1124.MOV,21257631,e3254deacabdf74112ccddda095ab2c492821566bf4ae0b7dc581c3049958c76
accepted/IMG_1126.MOV,32357486,14cdbc94720bf5d71d03a3e2a482245228de1436632d5f32b020cc4a30c14d75
accepted/IMG_1130.MOV,24193344,34d9c501e957014f0f1d0449226cee146ee8a00840d108255353322465555939
accepted/IMG_1137.MOV,15532206,3e8c90990f30b3bbfc1c6e1fbb10f505cda9e1d850e5f7547a9b55756fe3f1dd
accepted/IMG_1138.MOV,34437873,a0022d4afa5660e5fcac9e498051d41ff26221e52940177176aada78c6a7e973
accepted/IMG_1139.MOV,18027915,69f2a2d9a7077246d4a3acf97aa11620d4e9b97aa3ec0f838b1a8ec78d447263
accepted/IMG_1142.MOV,34848236,5b85d9989768bcfbd0129dc4efdd17800676bd9dbcb206b11c3a526aeceabfac
accepted/IMG_1143.MOV,18153537,247c95f32f3133de174442d9b956d499de5191cf8b562f9b20f2b0e289443111
accepted/IMG_1146.MOV,22233776,df1b66713e795fc6aacb7bb2320d18d39094b00804ec96d855b67d955727a36b
accepted/IMG_1149.MOV,27287121,bc0c11f66c3c4016945918b768aad791e462a1eb854106cad68b71e242258102
accepted/IMG_1255.MOV,20594835,3ce3f0b8261d1fdbdd334bb21d0917179480530f864b7bd59749aeb2c39951b0
accepted/IMG_1256.MOV,16395893,17793150f9c117bce6d24ecfd5c59e83f498fc8af2e92d99176a1ba6f9c5aaec
accepted/IMG_1259.MOV,46026344,1e9e0f04a05f6a98220d135e1ec150320bd1c6b89ea246f1b74338d773d2cd40
accepted/IMG_1260.MOV,26451967,f42e53e6727047c61c70b9871c310e111fb8bd2e8b0a1db09165dc6ab13ba15d
accepted/IMG_1261.MOV,30610881,72800d6118463ce466f3677a77c51ade5ec63a3ece8c230f1a30eb19d1dddae8
accepted/IMG_1270.MOV,27081690,9e66bf73a8cbc9448b5a6e463c84c8e9b9822f5deca11b2d1e3f4d4e10b93b4b
accepted/IMG_1272.MOV,44628219,11ccc60e1a45c3fc27a3011964b2f699ef167fa8fe8eaf5cf58b208724363473
accepted/IMG_1274.MOV,36317904,9279488153ef417b76fdf8f12a248d2203d7936e6ad88a3439bef33da77133c3
accepted/IMG_1275.MOV,49679360,1a1b585b1fd88cd11251e41322be3362910f9d26a2381a7e1126bf3e46c43e64
accepted/IMG_1276.MOV,77364876,4360847e1348a727f7896cf09f213b8f96103c33081290c26705b0c02086f7be
accepted/IMG_1278.MOV,35914034,8fb2e0fd710611296c90cba439be21d2868e3c1ea80ac29c9d012d3446d67a54
accepted/IMG_1284.MOV,30730605,2aad95bd0021c02458bba53f411406943c92223f0a39dd200fe1f86823779c8f
accepted/IMG_1285.MOV,13420445,144cc5f4ff595d3e8f6b20898d2f0f0332fca211cafbf1f61c709f9fbbea40e6
accepted/IMG_1286.MOV,29280402,e472e0f27f091e0aee5a962f1d2fd4ed85779270c298016e642e81307f2457fb
accepted/IMG_1287.MOV,37465833,4192d20fdf657dca6bcfbfd6baadd066c413ed978a4989d7338b1fbbdf7f175b
accepted/IMG_1288.MOV,38878894,c4d77270034366e5e4e4b8679ccbb91af4a9edef9474fdb5cba5c2fa89997b76
accepted/IMG_1290 2.MOV,21460239,d6aa649adc07f08e345efc80035a1fb543e41989729d295c9b27dc744fd4d756
accepted/IMG_1291.MOV,26011584,69e8dab0588b03804593c530d6960f06c05283d94075a09d971474d5211efe64
accepted/IMG_1315.MOV,10390926,3d1a64e010bc3227170d0dbdb82e0d62bbc810a215197dcc3af46f673dbf4fcc
accepted/IMG_1317.MOV,9550273,87a90f7e18687ecf831075a04fde9be2edb627ce14d386a93ec56a6c8a275b89
accepted/IMG_1319.MOV,8209010,e530c98a3bc0767fb59993972f02eb8a59740c8df046c0c1b00958f1e8234bd4
accepted/IMG_1320.MOV,6491688,3768616805c3db816fffb98205573a12f931f2e07f951964a097eed15cad53c7
accepted/IMG_1323.MOV,4442863,5eba52b5279d5cee0dfaee530ac6e370720263c2c34dc2bd974c3e50d1c2132b
accepted/IMG_1326.MOV,10631436,201b3d94ac51176badecda30f47ca7b99777261c7d496b76f12b7edfde877af6
accepted/IMG_1327.MOV,7413526,3fedbf7272b619b4dc6c65cff5f15171247939b75e35b32b3796182918b52dcc
accepted/IMG_1328.MOV,5619559,d7b167ee1b1ad0a3b9ea7daff44aa1477bff244327630ae7a199de3cc262859e
accepted/IMG_1329.MOV,3110544,fd524cda700cffa97cbc95a4ce67624483bb16fd7746fd15b64aaa98c9cccf6c
accepted/IMG_1332 2.MOV,9663293,1ee4054a0fae8246a06444619879ee2018dad7b24cf61792969786ce4c5269f3
accepted/IMG_1333.MOV,6696102,d7a011d5438c7a08168030ffeb03300dcfd2fe84db6a53b5651ae873fc162d50
accepted/IMG_1379.MOV,66739851,7b7451224e659c77f9fbc2606ef4b9a89c3b3db9aa951ec15b3972eb7172a344
accepted/IMG_1381.MOV,5141872,5fffd68da324b6210741e29b58797710e16640eb335041b8be7146ef3e78c8f3
accepted/IMG_1385.MOV,46430521,41f876472c81e5de7f3682f9359e9fd3113c0e6c371690b9f70c2b5c14420a2c
accepted/IMG_1388.MOV,53247658,7cdf968b58ceedc2ffd758b7816b4b6c21574ea5d0f64567dd3c7d461978bf06
accepted/IMG_1389.MOV,54766744,c41b7910cd8bad3830febd5a6c7d197fe2344b164e0c09c7bd40902a831fb915
accepted/IMG_1390.MOV,58815795,7c3000d0d9e4d9711cb98f42cbab6ccbd8aaf54c6e31191cc4a06f52eb86acfb
accepted/IMG_1391_crop.mp4,7360104,95cb0c3840d38b43ea37527109140053fd2cb5ed908af985acea19b7c0c5c7ff
accepted/IMG_1394.MOV,46388961,63fcf8d2ea4736468657d9fd466058737159cfd3f5f9abb43441646af8658d83
accepted/IMG_1398.MOV,39730326,c0bee5d1a9bab58fd3ed7371774512f62a502a26c5838892725a07868201c42e
accepted/IMG_1404_crop.mp4,5552485,c6b74db4a4da5f0ce62ee1d8847cad1ed6b4f0220fda111672ad039e29a2581f
accepted/IMG_1551.MOV,34326858,73f61d2fd22188ed7decb22ba16d4891efb83276d6dcd3880fcc5bb4692efda0
accepted/IMG_1553.MOV,19174758,f16c9fd3ed4f62f3e1250879d699c1a236dc313b9066f3a31d7c88f649b4d7dd
accepted/IMG_1556.MOV,55024545,20cc912919b9a8548085f0f3c9bef0a87a363c3b171b9a4858086fd06b598eba
accepted/IMG_1558.MOV,44044175,e4fb15a814022379ea4862047f3fd30b235c3b4e77454416524309cb3b8d31e9
accepted/IMG_1559.MOV,8445548,b8874637db3ef286924b0d96c984cffa0d2ec8dbbc6caaf7f5a4cd610265f459
accepted/IMG_1561.MOV,8402748,e0626af7b28a4d0b8ac5030a1f2ed45a638015a05f52905117863154a57395f3
accepted/IMG_1563.MOV,11756841,365427fc5cbc2624aa721875848f605e4de9eb34174a5a660a7a2f18f3913c92
accepted/IMG_1652.MOV,21020761,cea52a35cc8700fe0d6c346b80838d499289e7dc4dcd7a61a3c713686d83e338
accepted/IMG_1654.MOV,16470543,6becd2063c14ffced22f5ced1d759c86a24046249e3cd149c3c630026de64262
accepted/IMG_1657.MOV,18161798,ddf8765ff01438efca6c60b71b14ce691591877462403222138b1c5adbd62e1d
accepted/IMG_1659.MOV,31175893,0a2a1b225b88c5eef8142179f8567a9293f7347c41afceed4fcb8faf2e08ded6
accepted/IMG_1660.MOV,39977409,a964299d58e5ee5f9d4cb280dc1efe73e452090300010724e5aff7416bf21b41
accepted/IMG_1661.MOV,38585955,546f9f47e566f77bfd3ccb9c2b2f64701a4cf6becb58ab675e124e3efe7f4be3
accepted/IMG_1691.MOV,15442587,13b3ff862617757daf178de33aa2ae6df2630c1d6a1b637b71d4e73b9348d494
accepted/IMG_1692.MOV,16373990,3593c3097e7231d0de035ddc15c64912712dce7127932d889ddd6ee6342abaeb
accepted/IMG_1693.MOV,17112016,01bbbf162e48ae5d6768acf82427e6a2a13703fb964d6843fc327d3fe9cc0443
accepted/IMG_1695.MOV,15921246,a471b1ab4c396e9f45f1f5758c74a0f1242b83b6d1b6acc8b0f646e27544283a
accepted/IMG_1696.MOV,27158812,265c7336c6cf6290967821cc96fe125cc71e59f2179008bbc8901c99fb163d01
accepted/IMG_1700.MOV,14444881,11a8fea2fca8fb28dd05e4da45c0fae472d509397359a91c6bb3f04131a348a9
accepted/IMG_1705.MOV,30344504,06f6d8ce4896bf68d1f94dad1ad7dad9e7afac1d87bb620014aef6ac37797e7b
accepted/IMG_1706.MOV,24640083,523196c69ba6f41e7b9c3e5f6bf635408d3737636e8b5e652664d62b0555021d
accepted/IMG_1708.MOV,14211150,2e946ee273aa41029a4a22e48a8d71b1a32f5d771d4f32ac29e95b79bf361d38
accepted/IMG_1709.MOV,30768340,d79401e91a1edd029727de7ed47166e343bf19462c9807a1634c4c294e9cf622
accepted/IMG_1710.MOV,24702255,26c6da4c7e15b3337f4ff47cdb474187647ba55da2b05ab0d76e8fa8df1938ab
accepted/IMG_1711.MOV,26105369,29c2bbd892e95d631448469b8aec971e5e67ee8b51536757b3aa5623dc3ee40b
accepted/IMG_1712.MOV,22171683,3e7579d24e13a83b21f7406d8e902c747e483e59704afe16ebfc912c52497cb7
accepted/IMG_1713.MOV,32041093,c7fe4fb86fd64656224cf0abf3ad611f76a17766da40ca301256ce07c49affd7
accepted/IMG_1714_crop.mp4,2611597,b9a2121464ed0c32917f1fd3ab7488c38092bb59dbcbf41cdfda59ee42128a74
accepted/IMG_1715.MOV,112436998,be7e3fbc5c476df78fa9d0dc1ca81a6356531f8ec5b330940689ac80fd4c4f16
accepted/IMG_1716_crop.mp4,2423380,240cdb1fec1cf0b7edc0deed6e17e1ff060051fd95361e526aa840e19b8b87f5
accepted/IMG_1724_crop.mp4,3753065,4fe2e0d38a353165fc7ff174637415462059c04e3b9cb044134b520a9959f772
accepted/IMG_1725_crop.mp4,2831253,ddad281261bff423e8e82b93bb5a448819c3d4fe0bd8b99b9e0454002002f95b
accepted/IMG_1726_crop.mp4,3570998,dc665212128922b0aba4e8b5aa800f4defb9d64e18b83eda8ecb87480e8baec5
accepted/IMG_1727_crop.mp4,2496543,96112788bf633c9189ac40f2cd2528abc76e524920daa35024f8c8327fdaa742
accepted/IMG_1728_crop.mp4,8440067,3a922c2c5c4a1e2382f93830a7094dde874139d99b5e1bb85adb5aa2ee2ade9d
accepted/IMG_1729.MOV,45663796,4a5810cb5703fa6de30ab6ebdd228acc3495640299af4ae98723808d50d39888
accepted/IMG_1730.MOV,27205560,655b5eae593823300ef8c25ef2ac0d5c54fb88fddb8981485742933292fb96d0
accepted/IMG_1731 2.MOV,30663550,b8a52db4f248730ad99dbd7fb5ceec16999359fce67e79edc3ceeabd7dbb4f0c
accepted/IMG_1732.MOV,24671674,36e1f16373fe38649633b21a27e8bbbeeef1f857dc737b7e8b0a95711d980ffc
accepted/IMG_1733.MOV,30290732,587ed95fc7803762226a5e6a1276a535edf3718b8749a850826865a3f7a61339
accepted/IMG_1734.MOV,13203464,0a67f9c46e6c1f8431eb24ac0e5d05a7a88d6462cb4af898818c0ed19b80c91a
accepted/IMG_1736.MOV,14613066,0c9d09fe8899e6157f179f42b3f6eed7fc665e9b45cd9251fa5548b2c9b3ecba
accepted/IMG_1738.MOV,15586274,6d0f2da475a224bc254f0ce3c1874077e2c2baec8baf511707c3913cd00ea018
accepted/IMG_1739 2_crop.mp4,1900807,008a5766ff33c5480bfa569c585ded7a51dbd4c9fc30daf392cea8c65a7c5dd8
accepted/IMG_1740.MOV,14289485,68411863394bd2df53c7acb936115f1ffae17069997825a52dee5cc0336566ea
accepted/IMG_1741.MOV,21595740,4e3c751015d29cf96a7263ff7b8101f45e1fadcefb8c962a1be22558c7346944
accepted/IMG_1742.MOV,30097778,c8b2276109c0b67bcf51e07fa76633063dd566243ec6daf22269a97568b8ea87
accepted/IMG_1827.MOV,29531236,e32fc4023375032735252ba8841613cc1c743d5af1e000461f61a4b411cd52e1
accepted/IMG_1835.MOV,25744010,0ec6a42a78139371b4ebe614bb2f09974703a595725f41330df671593f9e402c
accepted/IMG_1838.MOV,21830758,a03aad50141a145082d57b17d3e51c94f675150de4223bea294a76f116e09a37
accepted/IMG_1841.MOV,25017393,9988e5822f951aafdc519cfae25c156b8f44755487ade77fc87a320c839a32ab
accepted/IMG_1846.MOV,37594688,2215fe72bbef3dd672ff3e51e1b0711f50b6c1613e7264e5c2d8f18a45b9cb3f
accepted/IMG_1847.MOV,22302266,382120980f66f6242231757dea3311192ba784aff41cee4681c85616c0e37034
accepted/IMG_1856.MOV,24625227,5a136691a090b647f6124bb9e2f6102ad2bdab704b5b2d5016f2fea02d3c677b
accepted/IMG_1860_crop.mp4,3166891,eac00643c362f9f642a685fc1f06224d2b101f614532c31af4ac4fafe611042e
accepted/IMG_1862_crop.mp4,7227628,5098d933342fd9135e66809c2db42c65b9d577e9d5caafeac109cb31bbfd5517
accepted/IMG_1878.MOV,24942200,d22da491bd38c95fce373d9a58a1bab7cc880ca8f7cec7b1c15110c22e276ad4
accepted/IMG_1879.MOV,26421186,a9bba055aa02702c6a08abead23f644c792f228ac8273e8b596874942bbbef87
accepted/IMG_1880.MOV,23548052,90394fcd9cda7114177db02003ee35c17de8dd7f40ff2c5cb1c8e22100215622
accepted/IMG_1881.MOV,43438085,059baecf142b201ff09ab92b99667d1b72ffec97481b98a192a06cd1a0efcb49
accepted/IMG_1882.MOV,27683898,e29d99b39d09cb0631ee9955dafa27fcccdaec9b262828a224d1ed625500dc87
accepted/IMG_1883.MOV,40957952,47c5262bdeca2fad9dc3230a58376f9ec011ed031e27673a6590177c0a04b017
accepted/IMG_1884 2_crop.mp4,3793029,6024ebbd6d87c114c723c0e77c53699a424781c918ba9f47a947b54a5c9eb527
accepted/IMG_1884.MOV,37031510,23300af13beb731af69a5591f8265d99566b07b67a9340ed887cc71bcbc0a86e
accepted/IMG_1886 2.MOV,77752692,7f2f77717ce0dae1149422d758916da42af99bd7b71341d07bd48e6a72abc795
accepted/IMG_1887 2.MOV,42386450,9e6fdffb9060053696c2f4501dc5888859423ab672a319fdc5d55b7e783e68ad
accepted/IMG_1888 2.MOV,36982985,4d7a41aa84c420d64e63a55b2625f0291453e05a28c4e38fdca0be1475e1c2ea
accepted/IMG_1889 2.MOV,97969112,1d138977522503ceb7085840d293be3b5dd4bbae8e812b97c3f938a6d9d31a6b
accepted/IMG_1890.MOV,102335643,95ca983a1d13d4e42f6a69b1740f2ebf61a835fa8d1f11a1f7baa45b1df38b0b
accepted/IMG_1891.MOV,48137470,4e7a14a0a0620975ebb339a5a4a84f9eb1f1c28e3ae07fa5ae7c10fa89d01871
accepted/IMG_1892.MOV,60158591,f1bf07aab56a18d451cfd3a507def0965ee484809553796cb23a9a9e858eaeb9
accepted/IMG_1893.MOV,44816702,0f224836c62df2d996a078f503a2b5f4f872286a82ffe7464228d96cdbed5eb6
accepted/IMG_1894.MOV,40648274,033ec9fe5c69e9d7c5f85e5915d64e9bae543eff6339b0c948b4d17c23e41af4
accepted/IMG_1895.MOV,71916678,579b219511ae71a1bfa9fbc6eb6073a1cf39c6e104b9f9817c07a5b9a452f96a
accepted/IMG_1897.MOV,30122925,6d224aea8f46938638ba4a4519c370df265856bbaa3594d844d58fbfbb5c8709
accepted/IMG_1898.MOV,43519048,0db100b34c477b36a3a65f78726787e491757c07c0af920b0ea1e6ef8bcf3d33
accepted/IMG_1900.MOV,32921784,f0874a5d073e9807168f3ad23fe0093b6b5d719c1a649ea8fafb4d51422d53b1
accepted/IMG_1902_crop.mp4,6161225,ac8e8094abeeef8aa8ff9ea077bd3f0fbff4d4e32face05164c962b937b0b870
accepted/IMG_1910.MOV,63801199,0525dad0ff59d2136785f4674642380557dec18ae6fb3507c3b402f2f90565ae
accepted/IMG_1911.MOV,78446771,85492433439e94099a9a0c73dd97cc2e3ab431124b2ea099e5bcc1a20a12f009
accepted/IMG_1944_crop.mp4,6101997,763e65768b53dae4c9ed982cb62fe792746ebad827204befc18cf8bad9f8f4bc
accepted/IMG_1945.MOV,57066701,6a177923b4b7299d1febf8450b58cef90186e40ead11c7f7576eb33e13dbc0a0
accepted/IMG_1949 (1)_crop.mp4,1861574,7c53c4a7b197553f41639f1b263d42f153852646b4eff52ed890d5db4870670c
accepted/IMG_1949_crop.mp4,1861574,7c53c4a7b197553f41639f1b263d42f153852646b4eff52ed890d5db4870670c
accepted/IMG_1951.MOV,70626718,80f2bbe4ab09d400cb1503998f0736890a6020e9598d14dbd9907e063af13899
accepted/IMG_1952.MOV,35423799,79708364531f992bd6a025f5f946ea25363a7ef5525e9098a2943b6cd8c894eb
accepted/IMG_1961.MOV,1068658878,f6745fced4644c732cf378f46c7622c14de947678d51d0a14229254ea4078352
accepted/IMG_1967.MOV,4319729,9ba487b57afb65c4085871d3298405e131155b5584fc2f22a665676098743152
accepted/IMG_1970 2.MOV,4411488,efaef0fb62ce816d7d58ff3b53a1f83476ba40ccb5837b079896d1688ec0c9bd
accepted/IMG_1982.MOV,34240347,f16a30973a810a41d508c530a7df7e929443c22f0b9f9474afe387154aa832a0
accepted/IMG_1994.MOV,43000522,5d1639d4e25b699ca70430abca07fc07cc091f06869bb026565abc337c320ea2
accepted/IMG_1997.MOV,27009708,98e927e73e01083ee89fcea3d5ff88812696ed62a7f16095cca77cbe7cc2b69c
accepted/IMG_1999.MOV,24350477,2e13a8bcfe5b3f0971497fba1658aa9536f3e8ded98c349374403b0be1ee1bd1
accepted/IMG_2001.MOV,28825296,c03196a4a28391a97bb80d6cecaf45bfe7d764e2794e066096cd7f7b87140a4b
accepted/IMG_2003 2.MOV,37462833,66ee30e6b7028ca72aedd05aeb104ada214dc46fdbe2de45c60c7c089046ec85
accepted/IMG_2004 2.MOV,27251430,1a2b2869b88495923f76e116e25d1b9aa270a33ecf5f9087120ad4a8d2921318
accepted/IMG_2005.MOV,33398056,51e7ed23b8c545fe7f6cedfd447c4baf620e94adfe63e2ccf2a83be030a9639e
accepted/IMG_2008 2.MOV,37440452,e9c1d74aad01195f4a78efcdb751e1e7038246ca18f1eb5edbdf113abaa91872
accepted/IMG_2009.MOV,32556196,eabdbab857533a449ba79ea9202f3dfe207a343397e42e18d3d4a45f3beb2527
accepted/IMG_2011.MOV,28833375,39f16e055ad39f5d99a2df64b387a2b4a3aed9b6a02065adea7e820571fe20ee
accepted/IMG_2012 2.MOV,42251511,09934b2278e82851b12c9cb702f5bb4e180d9233dc71b53ce6b718fa57aafb9c
accepted/IMG_2014.MOV,29838405,2951ddfd5597fa1b912fbe8ea732710c2f4c9a1aa46e9c596b96a5439c0141f5
accepted/IMG_2027 3.MOV,25291983,a65545be6167b508bc3414f486f76284edf1dde1d83ed6580ec34839d648097c
accepted/IMG_2028 3.MOV,16960627,f3c9eb375f517a216937b9dfb3379b661286dcc768f9b61512cfed14b854f064
accepted/IMG_2029 3.MOV,29278829,30234dc81c290b84f2b6f185f5dfcad0aeb41e9742623878192da96a54fffe53
accepted/IMG_2030 3.MOV,32274084,989f15e1a962875b40a5004369d3b135431c52f35b5dbac4b3a3284d66e36ffb
accepted/IMG_2034 2.MOV,47268425,91236243dadcb2f74cd7889fd5dc7d9e93acd0afa78976c970bd86d104fb15b5
accepted/IMG_2035 2.MOV,52448214,9858941370c22f3fe93fdd08bc97925fb0086b145fa376a26f060677e6213ce2
accepted/IMG_2036 2_crop.mp4,3163279,36ad902ffa108eefcf5d0ef9fc65e61cbae881c6baca6d307dfcec21077cd75c
accepted/IMG_2037 2_crop.mp4,5178259,5ca3d3dd40c64673d8576353dcef4070eb4bea1eb30e3ebf75a216ce27bfc9e9
accepted/IMG_2280.MOV,40749509,0a3b6516ad45d567898dc90e7cec02f27e6c5e87ca807fa1e14f1ba0d6efaeb2
accepted/IMG_2281.MOV,80357206,3e35291dc83f3849f7c76ad1dd67a2364fac429aab9600fe2bbef77428334270
accepted/IMG_2283.MOV,44227763,9ce0ad34c77e0c73bc160bfdc3e08be485b17304f8ddceb1f1ac234aca027827
accepted/IMG_2285.MOV,48779796,47e6837dc589da22cc8078bb120de98e2fdb6f1ec4d485b2c8b73f0a761dfbe4
accepted/IMG_2286.MOV,19384390,19853681ad9e707be584341953d90a979f74dd277f574b752469f000fa280dd2
accepted/IMG_2287.MOV,22468944,6b0937df520de128281527478192dc6dddc8130fc3e3e0ba2dd38dc16b176421
accepted/IMG_2288.MOV,29529284,2b17f35b55e67f2df4f756593dd56d7172c1ea9134447a6f202a00398deb29a9
accepted/IMG_2289.MOV,33910487,747715a6f68d8a891af884f7aa5d0c1026140a329ddddc431d2e42f7cba78831
accepted/IMG_2290.MOV,23669167,cf0f7ae7aa34c446f6f2a6945713f9dc961cf290bdde5bdf82fd1e76ace5b866
accepted/IMG_2291.MOV,42439736,607d1f6d10c322abfb049b48d0f73220f049ea85d79866443a154e30258491fd
accepted/IMG_2294.MOV,33893862,5d5778577ad09844c4d0135d9b993c085e2ee05c11a565ee395d7803cababd27
accepted/IMG_2297.MOV,25768581,be3837c1fe8943a3881e7bad691217899b12998aebf39491995e327cd2e5357e
accepted/IMG_2298.MOV,26801464,ff1ad96e63e8f5af4c36f41300b0e26d43040767c6ca65988279b1a5e6eb1b08
accepted/IMG_2299.MOV,48833552,c2a0feb0a72dd354309aaa688ff934b650ba421edf4f01ec9666f9e2d4e2d986
accepted/IMG_2312 2.MOV,231758014,2cc947a150985d7b2fd88484aa01554db96640397aba8e801136f71415e4452f
accepted/IMG_2313.MOV,366309643,16ddb1a58bc8363b76b5fdd52369cbe5716a8162315a961a30bfd0040352a940
accepted/IMG_2345.MOV,13753355,45c6e850f029145a64315578071fa0e790e4a3eb8c3019288e2c9947bf954479
accepted/IMG_2349_crop.mp4,2490255,3f85da9dc0ea45e5fc79400444cc2989445748fc21d3e9ad927215cd92aed76f
accepted/IMG_2350_crop.mp4,2346441,0db0e11bf00f50cd4a6912e352c0b78d04b233d7bb7f8ccec9e7c7b808e526ca
accepted/IMG_2357.MOV,22805349,8a4797f38862d35a578a04444222f0ec89a273ad4eba1ed59eac55fb012f7597
accepted/IMG_2359 2.MOV,19460073,535f63a71abfc8ab56bacb679ddf86f9c98e491aa79bf503d7f63e3a048e8c13
accepted/IMG_2363.MOV,18365129,552502c97a6b73cc5f566508d55520e8480224a02882bf94ce8cfe79fe50aef5
accepted/IMG_2364.MOV,19923922,9b83e308edcb2f99279537533289393798c921aec7c71d80517b94aaa1fc0656
accepted/IMG_2369.MOV,19035803,b053b2c1e7d6c9df4b7e15c877f704b96cdcb20466b78734a13893303900e90a
accepted/IMG_2372.MOV,28631039,a61c0115ce5a1e83b097df7dde6653dfac81c06548fb01ba02a1c9e9e1466849
accepted/IMG_2375.MOV,32295737,bccbea63ce454bfbb23bde87348ac55ce377325de672da157cd79b593b075083
accepted/IMG_2377.MOV,46160256,c867f98dc508bd3ea3a226b2347e3119ca0478ac7f4e2a87a97e197c43b9737a
accepted/IMG_2844.MOV,29690297,e20bdc62f0fbaa823a6c9b1ed0dcea17652aada3d3c8ace39810594fc3b3a944
accepted/IMG_2848.MOV,18008962,67dc5f6267095fd24e8029d750e4753a14361ebfbb81d3f89fdf5cf67190d5ec
accepted/IMG_2890.MOV,31088635,c4fc38868a9ac3c3c6ada8baf0b7666f4c53905c62803bb825c6ac5f04a94df3
accepted/IMG_2891.MOV,74927194,a832e9c1587daf8eecf1e34553584e81c7b35ca60b5d7864800e6d3f68343ad1
accepted/IMG_2893.MOV,41998133,c7c7e86c8bbd966f75ee0c0c8123f6c979189a1e1ef3620c5d498bc440f3ec55
accepted/IMG_2894.MOV,30513399,eed4c892b861040584c286edaba5ce7bbde7f31fc95580b69239632d22e32b06
accepted/IMG_2896.MOV,19033293,56cf65eb718eade857360f86894a627374ee8a01d4df3a314a466bdf075b1f68
accepted/IMG_2900 2.MOV,17842135,accde916dffc8a2f0e870642b015c24a0cbdd23c3295cd914d396ec533575913
accepted/IMG_2905.MOV,15950984,307646baf75f8ebf5f376a70161b70e6c5b7b9798533590528392c055feffa9f
accepted/IMG_2911.MOV,16464764,d7777f96581c80653a11cab9414890e0447d58b993c7111b4411dbb692384243
accepted/IMG_2912.MOV,16326409,a4d8c80b0be05214c0ad25c846dd963175fe59119abdada85536a6a6b8f75b53
accepted/IMG_2914.MOV,37975652,b79b0531f54d7d56d33b3c6b2d45073c4121171da0a39da1e266f706eb0926eb
accepted/IMG_2915.MOV,29101229,aaf366189573fcc7373503d323ee57c27a0ee51f7ceafa96d520c66c45f9f146
accepted/IMG_2916.MOV,41606043,ad977c1dd23acb9ea4d18dd69e16e48c22c432ebb353124623360f77942e5a3a
accepted/IMG_2917.MOV,46975841,78b236d11d76a35ad17e21c56eb5c6b3afe79dabd4558c82330e506308c01baf
accepted/IMG_2918.MOV,86011156,448556062ae16a4b8a08b78433d88b867f0b3b84e9a1a6bea5178234c260d2c4
accepted/IMG_2919.MOV,40935256,ae0ad93ec892441fbb42a60b0ea3f3f1915bb3371a95a1c05654547b9e243900
accepted/IMG_2920.MOV,61987937,1f96b6f6d40dc9589b59e2ad24c3eec35f5103e5842f9eb9041d485f2d68c58f
accepted/IMG_2922.MOV,65454235,e6b9a4ecb73541deb5c02439d98ac3a48a56a51f980a3a7a4b8e3e88eb775a77
accepted/IMG_2923.MOV,66147167,20192ee8a35b2b48625439fb8a8cef04db0b165b93012126c16b72bbcbd0641e
accepted/IMG_2924.MOV,83238606,71e50dcea7b756d5793d9a6b1c60b45872ac22315daa2f0835a53e34614fb0a1
accepted/IMG_2959.MOV,31912674,9a2e34a4110d3d30c22660adc4b9c53a3bfb668acb427f9809316879dcf5af73
accepted/IMG_3020.MOV,10393185,c230dbabeacd6d0973f2a45415b0591038ca4a7f1a8c4341cefb059fcdadc1a7
accepted/IMG_3021.MOV,10765195,eb7fd0025becb757bb4c7c556e9246286628cd336cd9013b78c71452cc74c1e7
accepted/IMG_3037_crop.mp4,1940549,d8ef88ea726e3810cc460f8a366d11da6d84fc693c034610f6d4a438103582c9
accepted/IMG_3051.MOV,174854697,0fe765d20adecaf1d49a264aa7c22d18b7e05039597296bf20372d53bb3a906f
accepted/IMG_3134.MOV,22122450,0dead2d39a92f32fd06f7857f1b958fb24484fb4b307949914c8d754cfb1346e
accepted/IMG_3138.MOV,13928844,1da159116033b8045949d123cd9f0c4839ed784d5ac1d6e06704cd6cc0d01dcd
accepted/IMG_3237.MOV,36699356,686ee5c70aabe7a57b9eef10dfe06c6cef27757f74f96c60a4df645ce5ff8cae
accepted/IMG_3238.MOV,61701974,15ada7997ae2779f00d5cb0ed18b53d26fc754aabfbb73444e7f46bed20fe7cc
accepted/IMG_3241.MOV,46854157,bed33554936d4065615ef26038b241ccb667585cc26d5d80cd84c6ab06489d34
accepted/IMG_3242.MOV,57704873,7fafdc72e8bc2cf06bc68f9d8362d09c6417ce92dbfb1cc12340d63607afddec
accepted/IMG_3247_crop.mp4,3954533,6b68c144a2447edd679cd67e757eed1b0e7ee6fbb222f8d514e81894f56a16de
accepted/IMG_3256.MOV,64684682,8e2e82758df2d69e5292f1515f1cc07b263c76daee794e8241e8f249e6c80868
accepted/IMG_3260.MOV,82040103,63a06ad9e0d9dab752aacd1d59f0ea587f887c2839cf6611339dfc56b266f394
accepted/IMG_3261.MOV,33836520,549303e1996806ee863ae31ecbc26cc7f231cefc604de584a8e7c353da997226
accepted/IMG_3309.MOV,44893378,7db8cb88c97d29a352ad883cc06d6730eb3e39740bcc6188331e496c3e6fdb17
accepted/IMG_3310.MOV,40580307,f332d993bae9736aae4dbbd4e6cd8a662f9de6b1d67f98605ff2757e52cef4d1
accepted/IMG_3311.MOV,39928594,7ace841b3e000aad5413463d8711ca68ea6d83558ad158047d54c9d78de2b11b
accepted/IMG_3313.MOV,60741969,87148f1162e5c049491ce756da2ffb125afae238f391f31d75eccec60c684f33
accepted/IMG_3314.MOV,32756398,5723ed8a419005763739491417d4dd84ec4b1fff436a1026a9c307a945a9c958
accepted/IMG_3316.MOV,52892155,424a2e49a11cda72cf648d53803bb009e2240eb1d2959c9473d1c928a4b1e6cf
accepted/IMG_3317.MOV,60352448,67084892959d17441fe2da741d867d294acd4af019e43c5c594a05fc77b9ca52
accepted/IMG_3318.MOV,56389792,537db41ef4dabc340f68d0d40bbce97885c448c73f74b547b79339a2384e766e
accepted/IMG_3319.MOV,35228457,6e02d20cf78941f514b31f5864cf7154275c2f4ef1fc47e79fafa70dbce4062c
accepted/IMG_3320.MOV,32204227,42d98ffd22f38e57ead65070fac36015525e282d77f33874eb37e112a48bc5cd
accepted/IMG_3321.MOV,18514611,328afea376f7d5ca2e8df2833aee97f224675df82df75e6624fb242f9b761002
accepted/IMG_3322.MOV,27111658,0f8f7c9c73915089690805c8ed455a8d6bf316f7e2566335ed91a0bdcc32ea95
accepted/IMG_3323_crop.mp4,1270552,eb62e355eb7dc011b4c0e6d1c2b7e806feb1babcc6d0e582a678f225ecd8218f
accepted/IMG_3326_crop.mp4,5226143,7ec56b1d5a30518cfe93ea38eb222b2214548158616f2960323cc06e92244c56
accepted/IMG_3327.MOV,31620128,ba2f521ed8cf010dcf2382308d0f04154390ed5e654ee7b97003d97aa939bef8
accepted/IMG_3329.MOV,67847128,d847403d5c8af39a230de560a38b6f911ffac28b7b001d8b7c41e82abc831661
accepted/IMG_3330.MOV,29747028,df2249379e879e1faba0fd81bf759e531b36a42df2bf7533ce1aac9b7c7410c1
accepted/IMG_3331.MOV,29577237,43fb61b2cf9570ce678f41c7d89f8e3db91eb963627d258bcf36494ba6eac7b9
accepted/IMG_3332.MOV,21573343,f95ad57c85ad2f3f49547b90c0f8f3d814312456dd7cb401947c492df2612526
accepted/IMG_3333.MOV,52331291,2fe586fbf3f47b56f229413fcb4cae70720faeb146f41c3ea3826b84105f7787
accepted/IMG_3334_crop.mp4,2707157,c43d9e83aebf908d49e745103cef3f381ed4b4901b9377f0dd70aadeac51ddd1
accepted/IMG_3335.MOV,35801003,2e04f3e753d2a65a42b9db5ff9c8bc02202f3fb680b1a328a18a5aa14585cf6f
accepted/IMG_3336.MOV,26819899,3b06384b30fdb30fc6e052fab3749537c8cd021a89ac059b9c3dc83a95586e59
accepted/IMG_3337.MOV,38387253,839f844cc423dcac4139c319ef4010380bff194ccebd97cfb91782e6925f31d7
accepted/IMG_3338_crop.mp4,4850524,ec81663cd2d78701e53c64f863cda62ff7dde2fb659af9674be6f277ae2191bd
accepted/IMG_3339_crop.mp4,5254147,09fb805afa9933e80e3a44165b2004489d90b2f0a065692a16521dd1dd36da6c
accepted/IMG_3340_crop.mp4,6103585,ab48564c29917f3573ea2e02fc7645546790cbcc9f5434ca2372ba017f506fce
accepted/IMG_3341_crop.mp4,5711731,9c91fa883df0af2f3221aa05cbac70aad6b16f61df69f227086a5338fc79b347
accepted/IMG_3342_crop.mp4,3071570,a054e7e119f11960dd16e38022f0920199bb9b57bb32aa28092ac20f3ca01f09
accepted/IMG_3343.MOV,47041125,79d6f473a72a1c28c0f1f4a821eaec25a2b42b45cf244ddb77664b0acf650d1f
accepted/IMG_3345.MOV,44124901,796960e1e63ed9634d60920189f5665028f27205d5125dbf1de3eb2863d5e2ba
accepted/IMG_3346.MOV,37471121,db555867887f00d89d72341767ff2f88ee973cf224749c6ce59580cac13175f1
accepted/IMG_3347.MOV,26903997,1751c675f5469e3ea219359aad66eee77b957d51a6fab0775a802064b86c9a70
accepted/IMG_3348.MOV,26003081,c08092f2f79b5ee6ef0027707dc297406279f1bdc72b88c1b91f68183c66cd69
accepted/IMG_3350.MOV,56359791,a1f4a0e07c642afe2d44182a57436bd1832c5589c017f40fd86c7958a8b99926
accepted/IMG_3351.MOV,47034639,9ead7b1d64150786562bedc509aef31777b6d1c5e67717c22e9d3ae08be94bdf
accepted/IMG_3352.MOV,41994477,06d852c950c41c91e3fbbfeb1db69f1b8c9d8501d45b03eab3977123593eb356
accepted/IMG_3353.MOV,42825581,dafabc5e94794e0ac64ee6c90e54184947a7888eeb2174ff4156dc04fb771a28
accepted/IMG_3354.MOV,23810941,396fd06b57013b96f1e1f036267aa7f7db31f3ea9ded021cbf4b607db4f753f0
accepted/IMG_3390.MOV,20281212,4a1fa391b8fd818140a7783ab53ee7ac80fef2d8b50139a36a9c0f83f0514a68
accepted/IMG_3391.MOV,28311222,a0e5787b8089c1c842bc501bb467890f3c339a69838fb6080227ee0e19096e92
accepted/IMG_3392.MOV,37952297,9dbd0baa7eb3bad459bf829bf2b9ca92f425c58f314c0e906a49e183aa82bfc7
accepted/IMG_3393.MOV,43676494,12e412b1d43457704deaeafce7304a5e1838491404ca0b32acafa653f38df148
accepted/IMG_3394.MOV,34557883,657fd9f799448346985aa09e16aa950569912b2d85f29ce6c0016bd445f248b3
accepted/IMG_3395.MOV,53028141,a243dee24ed165f5c6efaa4fee0bee342e1bf3f57c08f8324cf4f0c2b5de7f43
accepted/IMG_7171.MOV,21024589,f28fbb9c285dc615bef6931f5b4a137aa5b7aaf6c3f2d420b2545f98821d1314
accepted/IMG_7182.mov,4361752,b958bcfaf15de794ed2b7c95ec98a4c05c79031d390adada6b5e66360928d7f7
accepted/IMG_7197.mov,5257701,e393e2132be11785d4c244faf0af7149ceced9f69d9117c09835811c2cf3ba39
accepted/IMG_7212.mov,13732392,07485127f9c6f4be954f24518bc1b933e5df97ad9c21dfe4719bd5f60121301d
accepted/IMG_7222.mov,12220963,800422f8ed57adb22142d2c56a21c304070faa633b864bc0b098bd8f55c3735e
accepted/IMG_7223.mov,3745330,50f7faef04df9fabe533302484b809d4bba98d681f6c032626859e63f7aac369
accepted/IMG_7233.mov,22123096,c862532024d1692439d3becd6efa3245b87cd4fd95684713d1f98de1e69f3015
accepted/IMG_7350.mov,7545196,69680fb5b51c753abe33c2b0c8a37dcf46c1cabc16a8c00f57bbdc45f170552b
accepted/IMG_7353.mov,4874319,a243873da8b657d59c06d4df8ec3139c15dc105b041d5e3bab5bf01a63f0b22c
accepted/IMG_7356.mov,17971852,3f383bdad72da515e8adcf89bf4e1c2ac323eb9665eb4b3388a13335e6b2531d
accepted/IMG_7358.mov,7113531,485a1f4129ae8cd70a5cac94c9d3251141fd569c1bc9859614af070837910f0e
accepted/IMG_7361.mov,4155082,0bf9cb4c4dd6d73fdf3b8584683282c028cf74e63556a501cc64ac03f684c686
accepted/IMG_7371.mov,27875120,cccbbff566e8196bd1dfb8bf6f1bf7a8ff4b3c0567bdf2cb1daa435a8e368666
accepted/IMG_8049.MOV,53976645,cf6e30a4af012e5b5c29611ad72bb5e80b42d72bd1cfbeeaabaeacd01bdb68c3
accepted/IMG_8050 2.MOV,40971199,d194c40a3a26cf20593025e1436cf369423f6a18125ea7757ad64f34a7941357
accepted/IMG_8051 2.MOV,46861400,c364cf92defef932812c2043def6af4b2b9f48d46858802dbdbbf00976d7d646
accepted/IMG_8053 2.MOV,38178622,b349ccc805ae121474de6e5f7fb4c2b74ab8babf8e8f4d230bd9a1ca7e21c553
accepted/IMG_8056.MOV,42204120,1b730bec61ebbfbae027f17c76004fb742635d04c1c59f0233327cab16faa760
accepted/IMG_8060.MOV,42439074,495f1def5be6f64a6428496bbc50903045c0e788b2d598afd268aa6e2484163b
accepted/IMG_8071.MOV,28604758,78846af6976b0fd4847dee183299b93d8814e6eadc3d805c181012239ff8bca4
accepted/IMG_8075.MOV,83685245,92f5017b5c0d22c2b5f2b60ea8e9730c911ca275d20c6aa0afb98df75ed2f437
accepted/IMG_8076.MOV,54815257,203939f3f70cb5ce55d84be0f4d8875aae3611e8c6d0eb71c2b82ac91c13c8e1
accepted/IMG_8077 2.MOV,1230516901,17465ff366e10da0a766481fc43b76afa65437a3d2ed330405886d237ff80c45
accepted/IMG_8220.MOV,24695857,25987bc57b2bef7f640bec269b19a2c08853b270273489066c1e22d4ad1bad93
accepted/IMG_8224.MOV,18319027,c7784b93b28d01ceae50de0ce71e7a41d8130b960de7affe68d21714e9e7527e
accepted/IMG_8227.MOV,21764056,f402e8fdab70a16780c456a8be3b8a214dfb8d4d8be2b943e251dce6c4b464d4
accepted/IMG_8228.MOV,21876970,b87bada615a6ec34ea147c04fa303645d39daf0081ae527f96bbb28150d16ac8
accepted/IMG_8231.MOV,35723140,1493bdcbb25ac9ae7b30d756771a01ad8b1e94c52a10968c52d107a48c055d5c
accepted/IMG_8232.MOV,44081562,ba0ed85853715042ed044ace80b64c3976003db5080c194809aace4b2a113679
accepted/IMG_8246.MOV,27065828,13c81fdecd42c1f0989bd1fa1f82235c251ce88d6f4c8ecff4f807ab916f7d2f
accepted/IMG_8257.MOV,27578838,0c7ee15d2652e9b5cf7e6175fd191836922fe7a70c55836a87a7cef48ec441c0
accepted/IMG_8268.MOV,23264066,30aa88118201649c01f7651a72da6cb58b172cfb4b20196c450f11680b9c7c62
accepted/IMG_8270.MOV,21970373,baf13390153d180d035c81b679713f72e33bbc36e8dd8cfd7831c8c4a0d0b9f5
accepted/IMG_8276.MOV,17074440,7cd800312d123a591d217fc47c19a7f00d7d5bdabd8013130c6112e461fab3bd
accepted/IMG_8283.MOV,28928716,e64a94c9aaad1b025775af1c8d63ce8029baf4cb8dd866a51fd3c8d59ba9466e
accepted/IMG_8286.MOV,21355569,52f2246265fb358f6288807e5811639a0777c30b0913208fabb6bf85b604b419
accepted/IMG_8307.MOV,360533056,7579cc769a01dd0790d08be45fd82f21ddc3a9cc147ac06676eadf8df2dfca53
accepted/IMG_8316.MOV,537171003,28da6ff8fa0b8130f3de6aa38138ddef65d31c6458da36bf652402233c7b507b
accepted/IMG_8317.MOV,37384564,6018a198d86a76f1f568648f84ff69f3897221a2d1a41a8567ad12f13a9da484
accepted/IMG_8350.MOV,32155727,62527c25a66acf6842a18781afd17df98c1e7b63fb600103e84395a9b66e9395
accepted/IMG_8351.mov,49946358,47c6329b3823a64bef62fe3cb15f3462be1ab5e6c2e2051496a08947d830d1e6
accepted/IMG_8354.MOV,30774302,8373a412727b24962724622e68ad2c4de512a02dbaee154c3db7f5c05ac8e782
accepted/IMG_8425.MOV,14183748,cf20f639e4e8a336a1acb6f8b3d2193df62836452d6fb40415d60203657776b9
accepted/IMG_8432.MOV,24329555,a8caf50a2676d71ccf6df053d13d8f36af636fb0d7b0520de4f38c5964214bb8
accepted/IMG_8444.MOV,21681036,f529222e512305553b75b6efbbc1b0a34e939e27cc8caab6aad63804061504c6
accepted/IMG_8445.MOV,38378289,c461cf07de02f2c0c6ac358be0b29d1c3937a2033ab52db9beac83ead1647c74
accepted/IMG_8463.MOV,25865386,47ea59e0a8279f9c9c1338866f1a7afa357cd375820c1fd8cb6242cae8829b53
accepted/IMG_8465.MOV,26394213,1dfdea942c2d7dbbe389d037e838e545240293cb644bd18ed1533409669a3b94
accepted/IMG_8467.MOV,20683105,cf8ce011e4e4e58dab53685c716c0edb8c5bc297b57988d11ba363d82ae1c237
accepted/IMG_8468.MOV,12529982,ca1ede427c1f9b31e27e6b30d0c735fe44a729732b1d4e29dfd0f18fe22ef47a
accepted/IMG_8473.MOV,26271033,9428403980d88be188081ea0ca03e0aef414f488469f2b1c60591e7ad885a3a7
accepted/IMG_8474.MOV,15605810,656335f245965d276e0de0487f270f94cf3ecf3f320deec8d5153e5f786c5d0c
accepted/IMG_8475.MOV,15079863,cc9ac30a90a155887b97d09ad1d97c9abbb6b630166ce6637022ea0caf483a32
accepted/IMG_8478.MOV,24818785,41f5e8475195697c9106b73be1c53db8c1183fcc59f37d5d0cfded3de082142f
accepted/IMG_8479.MOV,18541513,dc9a146b42e8ebf2063cba29aeac549a1c06c5aed7f31ea1e7120d1ad7b7d706
accepted/IMG_8482.MOV,20554488,2441dcda69952af0e5cded08a72fad6f6d07545b7cbf96bca4bd379bb896d59b
accepted/IMG_8483.MOV,37687053,31df0a1a616af99fe190bc1ae0917681786536a93288c9ee6d2dae996e0f2ceb
accepted/IMG_8485.MOV,14568695,1809a0b6d7b09f43656906bb001ebcb6b2c7cf1814b90c63a37c3c9146c78089
accepted/IMG_8487.MOV,22044517,03f05d78c2875de59ed690721dbb58ce1db63a3a9a78d6d4ff29684a2e3afe2d
accepted/IMG_8488.MOV,16104112,f4c1f706d5633077f82c9516fe8bcc22b6bc245b38ac3f1ea1396d4fa3e11d3c
accepted/IMG_8493.MOV,35942083,bd83e1d5d9088304fb478c68b353af67623567e43490b81338eb6ceaa7d60e48
accepted/IMG_8494.MOV,21377444,4da075c604c83594e9614ba4fdf873f33b319b609fdee00da791dace0145c732
accepted/IMG_8496.MOV,25247657,95fdc63331c97abb2615c56cb3e62711fb311b3c7a195427a804df54fcd3e5cf
accepted/IMG_8497.MOV,30255702,4ae69b5c81870c5635c21ab853ddd6e4dcea1f8edb12d859a70cb519e47f5572
accepted/IMG_8500.MOV,20546300,3b4010effea40570f136ef3c56e2274187344cbf4d6b2c830b30107353779560
accepted/IMG_8521.MOV,21978151,d76a56aa8bad4c7d6050cdb8b0e3375fd7690fd6a9860267bf0ff8c31ddc1f58
accepted/IMG_8531.MOV,30224816,633316543fc82a644b3e9ef2fcdec80d0b4cd05ce5ba9497faef36e0d82a11c4
accepted/a89c63673386452c8a4bb7330dd1876b.MOV,4838703,b3c7320f265e8e98608efb1c664eb7c97b65801445a69534bf7fa20b21168727
accepted/ae7f8441b87a4e778f2e964a4c8cf904.MOV,4850111,597cc4483b4745dbdc05001391b0922099416f0a6830426033d55ad141938b84
accepted/d8548d9c3efe4858a5a740e87af22794.MOV,4759141,fb67f36eeb5cfd8c2580b5fdc365d7b6cfc8bdae2c5fa79a8f773edd2b42dcc8
accepted/dee079dc76944f038d15b699a61a4c8b.MOV,3714412,314e3e93e4730d6c23b0b3fc37f2ab6851eb120b296cd2fab487b5c0e31952c8
accepted/f42b72574d994e04ae8fc55608c9ef17.MOV,4872877,4549df6ca0cccfb61e01a0efa32f477c1055602da99f41c7008e570a614cf0d2
accepted/fc7ee505e8df4164992b9605762d0add.MOV,3017815,890363943dd4647c6903e9107e8bc4483b916ef2203d8376bedc6c4c2e6be1d5
accepted/filtered-4A3213C3-183A-4E09-83AA-AE0E8C3D01A8.MP4,2979638,9d045d31acf5e4cc703d65cc2627ef622083038b53dccf9d5f5c3cde6b0644d3
accepted/filtered-CD3FB1C9-1C22-46F8-8A93-EC186289B85C.MP4,2175876,2297ff88e0ed3bfe45599753b382c122d3def313c73b8c81e97c3916624d2584
accepted/filtered-E5FFAC36-5F8B-4519-AF39-079D01BC912E.MP4,2688484,5bb335c00ce65533d28ffd392119521094770b002efffdb91e2f444eb3164681
accepted/filtered-E9EF908F-A917-479C-B010-D3899A57316D.MP4,4310780,5e05200a68a0fc29135b8b424e6fa2fcde377d79384b42c2fc0e4e02a8d8e61e
dataset.csv,301273,8368b30276a45cf1d8e2a2c1e70c683f9bab6af7fd4f51cf86ba287bcea50ba5
dataset.sqlite,327680,945e4cff7cc30f2233e878b3afb70d5d9adf7772b7f1e3172f75936960e9e4ee
dataset.xlsx,151856,b20d514dd8e13795655a97ab80b781fb98cd9b2c2999bdd3e9fb3485c1942996
reports/MERGE_REPORT.md,1491,62c43f9c9c087924a343a982af088b5fb9e297ad712f37b04f25ac730a01afb2
reports/a2_merge_output.txt,2823,72871161f043cd4fed8a80bfe6c13b6d359a0ab01c0d874f4fa01c7d6917c1bf
reports/premerge_a2/dataset.csv,264054,26556de776f1fad43c085d7b8cafca229d63607b0ce1794bdfc1bf92b72d1b8b
reports/premerge_a2/dataset.sqlite,290816,a3dd2d67e451a71f9497fa37c3b09dba2cf1658a8677628583e06f1f597b834c
reports/premerge_a2/dataset.xlsx,138066,ae12406479bb1c93150c3debfd297f5b7ee94084ac3cf17f0b61e6df14c790ee
reports/recovery_report.txt,69,7c944726a0ee78d24373579494841104cd1b6b67f0047fdea8728ef0f8fa10c7
reports/report.json,1248,a9c27be1ec0f50c2b871233c08cd2651459c2b9218d9d2d6ed4bf77f4d7842d0
reports/report.txt,1577,98629e70554c372d77878f4b06320b0d53eed90d5fda6fd088bb53659e456b11
thumbnails/02 Primary & secondary.jpg,16795,4a80464e42512d4b1695a5672e6a1ded712d6c2c6bf5592fbf56ab1c76bad947
thumbnails/03 Tanshi Correction.jpg,18056,a751be42553ffcb184d44df667f880ac75369aef090c0c84f93cc9c27a654d3a
thumbnails/04 Brooklyn Bridge_1.jpg,9992,e8fdcf176a8bf77a12eff664273920d138becf3d9640b8973e3fd1e994f8a524
thumbnails/05 Banglore Rains_1.jpg,18519,74ab24b7ab0eb081ebe0378a7bc2a12a0755706fc43957243cb3ed89bb5299af
thumbnails/07b2bb73b4104f0db69db25cbd323554.jpg,9753,82c23f638bc8dc58e108f2cf1210d57893992ba74029d2598dce440d9a3c048e
thumbnails/08 Chenab Bridge.jpg,6785,1f51b03fdc34fc8d76beeda2fa63a1a56745355bc79244bba1fa9db2e63b466c
thumbnails/0c1d39eb2db940279bd41fcc6e168eaa.jpg,12589,050a6cce4d44b98ab3273174b541528f12baa3ea54d5690f1afdcb16375af6e0
thumbnails/10-_2.jpg,16345,f303c4b439a4504a98a6b5081289aa9cd8d8cb63d8a3b7c2ebc966074265ae0b
thumbnails/13 Disadvantage of reak estate.jpg,13175,22b0348104d8a15fc48783fd9d26586fe46ad7045cbea67999465027ff32e77b
thumbnails/184416.jpg,13111,7a37c67aaeddf0ccf6bc92fefd4e6ce9e92c15137cb2dcfc72f312134566e1b0
thumbnails/28dccd0f126c412f9fcf3edac95263f1.jpg,14100,5e564519583cfbe46298ca96dc93867f0c4e3a465e42293b2721228bafd7de38
thumbnails/2d7e729dcc794c288af4db8cc42d347d.jpg,15652,b4c681a22a4be72065363cf4594bba96d58bfde8e6390cdf96d1dcb41e6ab80b
thumbnails/316117.jpg,20412,75239392edff2c84298191efaa6539dad4189ebe17e216a8de871088c6231d2e
thumbnails/3995fef3a0304b99bce2c15ee3549651.jpg,13921,2c57080199fa20d9da4c79d2804080a7afb6e9eba8fc86e82f738db512746eaa
thumbnails/465eb0bd41b24ea8acc3fb3798d5df86.jpg,15398,48bfa7b172d12745bfabd1780b3018650793c71aa6876f4be4e72dd05f89a0ad
thumbnails/4aa085826be64311a397d377afc74764.jpg,12692,76c4b0d9e86154098c25d1253eec5f7e101c7171dba24a409b3c99fe1f70eda5
thumbnails/6f29d40862e440cd8976243f6902f92d.jpg,14064,bf73fb92f1cfbd7f5b104a481fc402bb8324d1fe861ec76830ff8782f29a8408
thumbnails/7606e2f5606a46f9ad63509ab3997348.jpg,17808,3da3810bc8fd9bdf3b0ff7f8fec56ac9a4e507b0dd9f7a58c9904acc24902bbc
thumbnails/778dcaaabe4447b089dd62ca7e82d8af.jpg,19687,c0adbc12e9b77b4ea0a5109c83db6ecf275b363b54ffbe452251edf1c528687e
thumbnails/7b3c9f86-80fd-4cca-b067-112fbd87e9a8.jpg,11053,f00cd50ae10bb58c0b919aaf2e86b47a4253ee16eb3633b74ed71beec1397a66
thumbnails/86a117da-6913-43ee-a897-513191a24320.jpg,13310,470e044c6938ceebd07c11ef9aa0e737c4191a46334903128b8dd9a706e9f953
thumbnails/8F41AFEB-7A04-4D09-8D57-1A5AD6A5E017.jpg,11047,3830fa225580223beb49288dd18743b45fc0ed68d37209f22e42c4f0b7dd32ea
thumbnails/90465a81e2ee459da17300696e49992a.jpg,24745,d7e125911fb5ec3a604714415de6d9fadcb46dd6072e268dd90e3fb819c33a96
thumbnails/9b837c921bf94eb0aef77b4588bca798.jpg,19594,e3cf39caea0f9b765ee5eb8546cbdc41b0527da85bb66944fe9bd266d2173f8c
thumbnails/DA6A5C39-DDC7-4F45-9C15-5DF21679A281.jpg,11605,a6f35bf77ff4951be28f80abe89bb597e0bc501811dc4bf2ae49c82c7986184e
thumbnails/Day 7 (1).jpg,13494,3c3d16427824f6f6370647caddbe2ab5f9a5856e7476713ced03f1aaa8d79b78
thumbnails/Day 7 (2).jpg,13494,3c3d16427824f6f6370647caddbe2ab5f9a5856e7476713ced03f1aaa8d79b78
thumbnails/Day 7.jpg,13494,3c3d16427824f6f6370647caddbe2ab5f9a5856e7476713ced03f1aaa8d79b78
thumbnails/Freehold Land-2.jpg,7463,e9a752b3b17c67fdfc263a7525ab1cb98695656aedb6741411009b8a3c8ef377
thumbnails/IMG_0001.jpg,13485,4c886f0456a03f3610929fec8e80346c59791b30c2bb1e02e7c1a9bd4140896c
thumbnails/IMG_0022.jpg,20017,b10a1345c58a8ead34ee2827146cfcc2c5e35ef445b2bb8ed306a91d9de2b127
thumbnails/IMG_0023.jpg,22714,3f0f3018790180fb8eb00cf5a902239c68ed64c51fd102b213f18946f43eef39
thumbnails/IMG_0026.jpg,20660,6be2fcbf54a62359e442dfbfb08d2c3e1d5f4919fd5b6be0834f2a345b5f5583
thumbnails/IMG_0028.jpg,19076,8c9d109d264fdae9296bccbf94b0c755aaa27eb880b52baee6de9dbcc96f3498
thumbnails/IMG_0030.jpg,20185,373cefc893b1b98f0016eceb7b8e7b7666ee2529d70c620b5e83e0b3e7f53a3d
thumbnails/IMG_0031.jpg,14758,e8817047c1c78c48a678a121a22fa0c22a679a9503ce795893e28ade251798bf
thumbnails/IMG_0032.jpg,19201,2cb689f78538a03e3c9deba04a89612ce9dcb10a48118494c98f314597da7547
thumbnails/IMG_0033.jpg,17301,6ef46f23ea284ee121296746c568d813c196167e2e01b84507c4b26b67451e40
thumbnails/IMG_0034.jpg,20795,61ddacdf8e41acf9bdbbcf6abf5f054ced002a08c7ef72a79c10034ef3495194
thumbnails/IMG_0075.jpg,19913,d7c38e7bbf3543141aef5ff137e54297b80a8e727c36a19842780c74621f0bec
thumbnails/IMG_0076.jpg,20859,b347b42cd418aa55ef463a12d2719a3327e90ec92c0dc92a435ddb618e5e4736
thumbnails/IMG_0079.jpg,21866,e8e5764a4e10bc33ec568bd95c5e076f4e4a2c99c66b029c8d893045c0485b4b
thumbnails/IMG_0081.jpg,20238,667c72800a32f94ec29f851556b4ec48cdfea4bd70a389355df5a0b1fae48030
thumbnails/IMG_0082.jpg,20873,8beab4facc59a01e6136357ce4b4e1e512947610a1f06ceaaf111ca97e06bbdf
thumbnails/IMG_0087.jpg,20598,5c7bab4f718887bf8b9658393b82b8e0e826ea00df663de6e2a247f4a96d2a5f
thumbnails/IMG_0092.jpg,15842,b67effb764341c569a160d06d467e6095561560170e305d7d530ed3c6484cd9b
thumbnails/IMG_0096.jpg,10329,ae2086f8404f4ef30e1912da2bea178b2779e2dc1206be399cfe97d5f95ade43
thumbnails/IMG_0097.jpg,12010,91ec8aa4fd222fe501dcc5b2e33a62278d1b31467399568adb2280d7e1c9d5d9
thumbnails/IMG_0098.jpg,11500,42e97171b7f141956cdc0eb2cafaf4aaa393b5efb4944189e524c81915ad2e88
thumbnails/IMG_0099.jpg,11716,0506aab7cb4465c0fb4b99d7a4ce91f38b78fdfc891b64e73bb38b239cca06d9
thumbnails/IMG_0100.jpg,11571,8a232ed8e740457fa426882fb2cefaa028f71b93c6f739eef92574bccc791d34
thumbnails/IMG_0101.jpg,12114,8374e1ac2bb1dbf6691a3d4db185f4a84a721ccd1703fdb6f8f33eadec936d1c
thumbnails/IMG_0102.jpg,11660,b1ac473252818fd3e134b56603c342cd5736a7acf193dca5f0fe754813ea3223
thumbnails/IMG_0107.jpg,19752,ed2e735eb6872b1303bcc6c982f4be7aa51b6348b70f8d07164386237c3f9809
thumbnails/IMG_0150.jpg,12035,b73391ecbb08262e5a3f4c046162211446c9eb4a30fe0ff0347dcc9d09660d37
thumbnails/IMG_0151.jpg,11980,98740f95c23b6c6454caeee6cb3ef22e3df169352da0a06f22efb803ece490e3
thumbnails/IMG_0155.jpg,9317,19c35eeb6fe93bf421f6b77a39e7f8b4933e8a5a271d6a15d6463b6278a52ba1
thumbnails/IMG_0156.jpg,11075,70a6bdd97a6580dac4df5fcd4e33f538371500a5d52cd0cbd4296a90b3165c56
thumbnails/IMG_0157.jpg,11904,5e4835ee89c6786c656418fbaa6f46546c52071437ed1d2486971c577aef20fe
thumbnails/IMG_0158.jpg,12101,0bf1370145c4a71f1c22b8c78d4e15bfa269dd122ad3aa1cd4c245705207d10a
thumbnails/IMG_0159.jpg,10691,7b010e9ea9aaf982508f4a7b9a22365138e31dc2b0640412fbc0656de55cee3b
thumbnails/IMG_0163.jpg,9282,5ca15c892946f3f44475f951b5b86ba7a3a4d7c47c3953a6c0cbfe0c5afa43e2
thumbnails/IMG_0182.jpg,12980,91a3af1bd7f735490e92701711a0a220635e063cd66c03514b6cf2644ed3ac77
thumbnails/IMG_0194.jpg,11048,a316f9fb27aaca67599db0066e97d1eaeee01f6f47219865861771f8bbdfed81
thumbnails/IMG_0198.jpg,11539,3ea57ddb05dada2bde4b04cae2cb2ffebfea3edc288c68f5b700d011debaf121
thumbnails/IMG_0206.jpg,17145,493273be6b04b11c98964d8aa3e302381fcdde69d97688b0579404f92d465485
thumbnails/IMG_0213.jpg,15350,586fc36a868f1b9539da35c0e5074fa4fcc37f2b2be8d7bb6711ee440603e302
thumbnails/IMG_0214.jpg,14950,214b7048fcbdff2a894a64c81e2fdb486ea3ff6c39c73fa5ef62df067d1a1897
thumbnails/IMG_0320.jpg,26763,214bf92a5db76d36c8a80d48aa9540559fc231a6bad633eb978becef799fc29b
thumbnails/IMG_0326.jpg,18481,5f430c71e980be9f1b5ae819467bf25f9227e792ec6f26aa9de61f88d2056fa0
thumbnails/IMG_0328.jpg,16253,5f61a1e3111a91fcda8ac5ab35d8818a191c348671ee222125f058997e1a6ffd
thumbnails/IMG_0329.jpg,17176,38b6531a2b19224b5e86a523056b6ddee478ffa4ea383974df5619f0e58a92ce
thumbnails/IMG_0332.jpg,16208,0036b402fbbe6d5d8c01041ee8e50d0c2cba5064e75770d8ff0f068244866e7d
thumbnails/IMG_0342.jpg,19724,d948194e8e09d3a0cb93ceca9b3011627a6c14af0d12b193a1dc795f1d5a811f
thumbnails/IMG_0344.jpg,20034,f2cd0a6b1f68c72f09573471862c7208f73370a5541050113ac1014c75d38f09
thumbnails/IMG_0346.jpg,16680,9fd742678f0f5542ca22ce9845a797c134fefa4ac751a5c893c258104b4d9d3a
thumbnails/IMG_0348.jpg,16790,6bf514907e3f066dfc1936ed1798da40e7e36074cb0045e0d0d21b996e80317f
thumbnails/IMG_0352.jpg,20528,8a10bca8ed468a83ad04056b7da3ba4fc218b4f8ae4d5acc0fd5cd4366de9ec8
thumbnails/IMG_0354.jpg,22283,e54e1ba4cca8865a4e578daaddefdf5b66846cbb254ee3842bedb7c52d5a09b7
thumbnails/IMG_0355.jpg,22812,e919b5c2aaab7c442baa7a3d0cea86d55fca3b619d25a5bc1f157b0e0e56fefa
thumbnails/IMG_0358.jpg,18788,d04b2652d1400ebe9bde0d1bc7c0b819549256d412c52af6eddf3b2b12d49d66
thumbnails/IMG_0361.jpg,21610,7aa52b6ca101ac9bd9e5b69a9235897a4260b0169b1dd61a660e200ed61bf6aa
thumbnails/IMG_0365.jpg,17353,45e0a19172667bbe0b2626c00f0864a20000994482dd1af04cdedec5a3dd40fd
thumbnails/IMG_0369 2.jpg,18230,37692bf875013a6782f06bf70e0a81ea7c745d3ddbd238ffd29a847b161cc40a
thumbnails/IMG_0370.jpg,17964,115cbed5ebad4bd8b9d33b13bc7d9376100d69b5e9401a911649301c00b6ca57
thumbnails/IMG_0371 2.jpg,19111,0c687400091d81a14beaf4d9d35e38c1f2fbff3c0798d8fbd9777414888413bc
thumbnails/IMG_0372 2.jpg,21334,5b8d78ee24231904e9614a8997126348886aac19b2e0d7a07bb3243372ae4eee
thumbnails/IMG_0372.jpg,14981,e69426ca410de3cfc71bfdb1aa285ed3be93bc74369230141f84bb31b2d49184
thumbnails/IMG_0374.jpg,14936,58eae2a65b039fa4135c5be35efffd379912d606557a98ef660f159d77aeb70f
thumbnails/IMG_0377.jpg,19195,0dddae77c67da23bc20881b56abdc5453f4aa805602fe0f1070a90ee6ffb0074
thumbnails/IMG_0378.jpg,17356,aec1727a3f44df432534e34f320225f6589c07f8252f61115033f084b926f6b0
thumbnails/IMG_0380.jpg,19957,a8bd26e18440c293cf6388665047df9b93d4267a0a2680d48ae0b24e0982e8ea
thumbnails/IMG_0381.jpg,16639,aa4bdae6f514c69868bafa8883360e2e3f17bbe0bdc461654cbcbf2dc85b42c8
thumbnails/IMG_0382.jpg,19618,a36a86e9ce430e803b73a02feb12c12362280f4a137d8f01b64fdc89ab7f8b0c
thumbnails/IMG_0383.jpg,18494,acdde435108471f89ee8ae4adb309511ec404cf48f9d9cc5c1deb9fb9a08f84a
thumbnails/IMG_0387.jpg,19667,fb047b4c5c8da78593207ba22a48078e73f2e6f985e65dc6676a8c04d75725fa
thumbnails/IMG_0389.jpg,17672,fb3c27db4466554a6dec824bf347697fd86b23da315fbc5a337a0a6e6a272fd3
thumbnails/IMG_0392.jpg,22761,968f14d6de444189c3ec71a2edc6ea2bbebc8708739efad1f75fb9e57e804c69
thumbnails/IMG_0394.jpg,22186,5f86938c244a8b9dcf98485d99326ae6bc5d3d61cab0bd9efed3b090659f85ad
thumbnails/IMG_0397.jpg,18327,4a2de9478b082d15a68be3372cfcafe06d758f0041f90a1d09ab072b2f48fbe6
thumbnails/IMG_0400.jpg,19472,7d4b5c552c3fc559c254894f42f12db32469bd5337102df2ee3e342746b4a006
thumbnails/IMG_0402.jpg,17137,18cde90774f25253eac37ba1beca6e64aa917746e6b4e3316beea5500af6af32
thumbnails/IMG_0403.jpg,20951,9cdd5a8fa3db9187ea395ae1c223c004c432e0f731055bcd00e40f172829ebbc
thumbnails/IMG_0404 2.jpg,17279,49efee6d8257f001053abf11ecad44fc8e2db4b2a262ef540321100f67e8289b
thumbnails/IMG_0404.jpg,22307,e1f58526e970b3a3d2e8165a5189319687bbbb016d326c7ed16b9d01cf27402d
thumbnails/IMG_0405.jpg,20618,41b9cb2ef9d3b353bca74c335442729a6bf3661ecac9226077b1dd2637b84adf
thumbnails/IMG_0407.jpg,22807,259ecaf0c589cffefa935a073abce5a7cc2001cf4f57bd13004e93e45bf79518
thumbnails/IMG_0408.jpg,22705,7040119c7b710353fa528f8dbc9f5dc7301cbc3a61124d7e0059d3d6a7e8ed2e
thumbnails/IMG_0410.jpg,21046,c6d50df2e54b68278b9161596fb0a0277ee188f2cd49500e30f23622641728d9
thumbnails/IMG_0412.jpg,22037,7d4b90aa76131d476b975464f57e81399168c1ab7cf0fb451c4cb4d62ff5c60f
thumbnails/IMG_0414.jpg,21112,fe392657ebd576f75ec35b6850af7776092d8560957a20e09c5be267657ad8ec
thumbnails/IMG_0416.jpg,20178,5f7d97a07e85dfa9e5182454f7a8358516a22ea341a5c27da0ee7aa848b6e4e6
thumbnails/IMG_0417.jpg,19553,c39a83b5168a87398e5cf488895674186311036a4a5bcc7b693af4f6a534f1aa
thumbnails/IMG_0419.jpg,21542,0f4f2996f1d690cf7ac0428c6af7213c4ae7b4cd0fca0571897953d2e16463a6
thumbnails/IMG_0420.jpg,16877,900924d6cb65ddb30cd1311ee62e67183c5cec0fb6efe709eb72f9e16e8a0dd3
thumbnails/IMG_0421.jpg,13392,959f3c5aef432afc22d6afe3074592aaadf577a511fc33a6042c8ac01f4dfc8c
thumbnails/IMG_0422.jpg,11520,501f701550ab41b524f249476e3d2221a537f6d01ae7f3613a80fe13aba95452
thumbnails/IMG_0424.jpg,11839,88e7ac33c635be38963287f8281fe1eabc66a1c934dba4d0280e606719fd3d6a
thumbnails/IMG_0425.jpg,13384,bc2a2311dc53ffb8f2289a53d33814d1c3fae5b38d6a7f5f606ff943ce185d49
thumbnails/IMG_0426.jpg,14199,d941d3b0f2af3c593d5903b1069c14d1d345cbbdf4b304913680cc7161ec27a6
thumbnails/IMG_0429.jpg,11299,e4f16f33d02764a17c0d95119babfa4e4e29bf6ecee92e8bcd64ee4b259b0694
thumbnails/IMG_0430 2.jpg,16267,4547f44aeb094d2b3e2ada8f9e6e1d6bf40d58d144d80570fdea939732bcfd1f
thumbnails/IMG_0431.jpg,17221,0fff9c3a4339f9bf140d8568931b2c5e74a8897e014e9609a92025ee6f3221c8
thumbnails/IMG_0455.jpg,15356,f3fc11e5b9fcd81da06288cc2f52e4ca5d6ab997b1057a19a9e07bf620377670
thumbnails/IMG_0458.jpg,14862,449b1e4e89809fa2f6e7b0a0ea8759c2b5cde6d8797ca97e72949bd68f151660
thumbnails/IMG_0461.jpg,15260,aa732f3a9bb533193258f152159e920eb9050e10e165e81a95097993f43ab480
thumbnails/IMG_0463.jpg,11415,6f92e7aff7b317c8a2eb53e0f4ec077c6ab4121dddc59057dbb0a2ed385a5ac9
thumbnails/IMG_0465.jpg,14484,ca8195cc5793237b447dc46c7bfb07b7c75731af25162f075e40493856a44744
thumbnails/IMG_0467.jpg,15333,dce07ff2ac84a4c3514b354bd179e01aadd171287a54b3e942f3309f86656c6c
thumbnails/IMG_0468.jpg,15002,d4a13382c9634f4ecae5796e631bb197835932f7a6da4438e2a2f1c5f6a178a7
thumbnails/IMG_0470.jpg,12746,1d9c632fd6dd487e7772d6ebe5ab60f3787e2195b50caf549db26ff838a6142c
thumbnails/IMG_0471.jpg,17711,8e1adbe21a57448b9058a9606fc67003c02b2c4d36a00d3c75be1082b43ff1ea
thumbnails/IMG_0472.jpg,12615,b8f9db0515e2c2e084b7d584c19c15b34f8bb680a2a0f9154207491702de30c2
thumbnails/IMG_0473.jpg,11978,d41fa03b0f31e8281e58cf966c81965d5a0936206ab8d636cda0686eff2a976c
thumbnails/IMG_0474.jpg,11069,3fac57a55719d37f8d7d2540e015d2301555f11fc0b007334a1ce62f2abb7664
thumbnails/IMG_0476.jpg,14670,d7db26e440603912330af5cfbeb27a2dc273d57ddbfda2ce47a40e0c1ee31b3b
thumbnails/IMG_0477.jpg,13722,65cd5ec48d5f8f5249e002323440963d3e65c13f9faa158c7d2f21ad3a2197b9
thumbnails/IMG_0483.jpg,2485,e84fc5ffde60da4250417ed92de3b2b4c328638dfb6c7fa0a9455916603fbc0e
thumbnails/IMG_0485.jpg,13615,9a93fa03010c3e95d0c7afa0874541c867ee39f42833874c62b93641c33edbdb
thumbnails/IMG_0490.jpg,13154,a55b4209fcab355d79c4247e481ed5235047e19622574440ecdc3d93253039d7
thumbnails/IMG_0491.jpg,13057,e9973d9515ec5dedf65cc2a59692e26892729fe85806b84f5c79d59f884735da
thumbnails/IMG_0493.jpg,3884,65fa2cd13a2a82cffbae703632899a69b1e7c9f0a4477cf49f920081c3ea6221
thumbnails/IMG_0494.jpg,11694,6b2e94e56240892bda0b428bf1279a1028e8886580770c3c620170c822ce1845
thumbnails/IMG_0496.jpg,11231,91221fab9365b8183491d39bf12723f5b9d25d4d564097ce6f9b25abc11607f6
thumbnails/IMG_0499.jpg,11219,c8e7cdde5c7174b8a21183e2318264294a1112116e1e5c9bcf5d9aea9e5ae620
thumbnails/IMG_0500.jpg,11694,3e9c12ce0cb4046360e791694a6bc20408287887fc4e70d6fbbf310d6a378933
thumbnails/IMG_0514.jpg,11538,359793b28f21cf0ca332dae2bd93bafbbf60d8dcd18d65ddc73f359373573065
thumbnails/IMG_0515.jpg,11767,d804e567f0307230906b493406a554f084e01ff6069f22ce675f24be6879cb47
thumbnails/IMG_0516.jpg,11271,8018db05bf65ef5ff65fe3c1c0849d9f5f689912e2d663c5b8011a1ba4b83d43
thumbnails/IMG_0568.jpg,11495,d9a2e9fd4b53c6e8a86dee3a9c2b01a88943de27fc7553a43e3cd282d0a39670
thumbnails/IMG_0570.jpg,23611,876265fa8e55c7a8b3b4748cad95c7ff2c6e65a34d36783c1c1f18ae03750ae3
thumbnails/IMG_0647.jpg,19355,47b3b527086bc0fa99732c9a07d9c5813390f73e2ace0c05447675044b58bc23
thumbnails/IMG_0649.jpg,20276,c02f99c6e2cdf67cd460ac761d1bf67591d7e7b05c6ceb9b3370ebd8b6d5e80e
thumbnails/IMG_0650.jpg,17445,5959158ec157b042a6833ac6f87ac849ef85935192a560f4bf005a22e529f348
thumbnails/IMG_0852.jpg,13349,cbd51d91ef1abb75709f02ac5a029ba2602baf4a9e6d9fbc207a95a811ff3c14
thumbnails/IMG_0854.jpg,8748,9496f4164dd2255b16fc9c1cdaf6ff19920e6c7fe8a2f2eee46a237625e78444
thumbnails/IMG_0857.jpg,9356,25c3efdebc9651ee8629870cd4b53de14d1f2219c19cddeee4f20567fc3f6108
thumbnails/IMG_0862.jpg,5379,7455962303c9ebf3ceb0f99dc45351210fecd40127db5b207580f81db631dc69
thumbnails/IMG_0866.jpg,8451,0818b00bc81da16bccb03132f7db18fbd05cc25de8143fb96846751bad81ba39
thumbnails/IMG_0867.jpg,8601,7f1603fadccfc54407fee3b4ac6ba151333a1a13d058c8d924c729fe2214d765
thumbnails/IMG_0870.jpg,9411,d9cb4f960877b23410f21dc839463802eb6ea5205bb42e302f8beb92b4ae1510
thumbnails/IMG_0876.jpg,8189,99f7109fc0ffda965522fc29d7284fdb7d7784166806fcd20ea803a2550303ab
thumbnails/IMG_0880.jpg,7785,dad1339f17b6e66f2d497a030f615497d55a2499d2b06b3a6bfa350b590e329b
thumbnails/IMG_0885.jpg,6820,76ead5979d5e564c9308a40e18ec7c4e999840056f10ecad5aecb238c570c61d
thumbnails/IMG_0904.jpg,20019,be85778db12e00cca3245adf681223dc72fdace8c497d0cf11cbfd0246be30e6
thumbnails/IMG_0909.jpg,17911,dc8db6d7bbe45c95cb5dd50cf9a948f6254e0c4a77cbd1eeab20fe484c0fbe22
thumbnails/IMG_0911.jpg,18333,fa8a037a165e706287e793bf8a284b7f508a0d19a91cb1c31e42183498160dee
thumbnails/IMG_1005.jpg,17777,be482d1e02020327e399ba21890423cac0ba6e30e3652ebcf5d3bd9ff948aaac
thumbnails/IMG_1116.jpg,10379,ef4a8a77dd8d68c8f201b5196f868af537ef456ee15acda4a47174a8abeb51d1
thumbnails/IMG_1120.jpg,12080,434aaaf5d500652acf1e328d2349789f970de9e5da270774f257f549a40da493
thumbnails/IMG_1121.jpg,11312,d6d5dad5741e029a04b94a027e184c30437764981be243e827d889963099db93
thumbnails/IMG_1124.jpg,11424,780daccb6cf56ca7213389f8d82c6ee94c0614709b7508a00a21c851e6b4e2d1
thumbnails/IMG_1126.jpg,10835,587131be0c438145bda443a83c88df8c01054aaccb9e0ff2b4a0ffcf121485b1
thumbnails/IMG_1129.jpg,10612,d6636a60a54d48485975924102bcef09e10d3e9c3de3c674d1f361bb757b94d8
thumbnails/IMG_1130.jpg,11456,b00ebcb1fb5f7593c71f61ad987d1720ceda7ba1d3e649b978e4abcc89b203c3
thumbnails/IMG_1131.jpg,12041,b3ba72e82d247d6f63f568d8d97e751f45a3cc248d7a9a609bbb0bdd4f55f042
thumbnails/IMG_1132.jpg,10481,0a40f6f6473b3106fd70fb7571c83ab1b4e5c36b236c57ed2dbee4c50456222f
thumbnails/IMG_1137.jpg,13256,d8779a64611a5024333315b0c807c3c9b530181d4bb503d99ddb744ba7909c24
thumbnails/IMG_1138.jpg,13925,3cbbde5a22b56849618796ce091c23a5f03a3dd2ac9b40612821daeb7a2e241c
thumbnails/IMG_1139.jpg,13795,c34b3524d3f6f366c3303543b94d02cc3e3b3aaa08f5d93e36c9aeb4866f367c
thumbnails/IMG_1142.jpg,13581,77c30788b1cc16a58c76ff8d501e0877ea1f58b64271e66b83e6a25ad3e8488b
thumbnails/IMG_1143.jpg,13776,be043b817bf1cacd07083d50981bce7b35f7e83fa906dfa836c47a368ccdd474
thumbnails/IMG_1146.jpg,13885,54fa94e61bdf9cd015ef305df576631c7862647b417952f23f807abedd8e8690
thumbnails/IMG_1149.jpg,13190,53bcedbcf0dc5fc4e2fe631cb37d24e99e334893405c82858ef3be7e972e0d6b
thumbnails/IMG_1150.jpg,13128,5d025abadca84e08f48ea752d427503cd163ad723af6b8f3ddc2a6c59764f319
thumbnails/IMG_1157.jpg,10408,80b824e5663939692c3703f021e6f8afad2571d021c25713c3b7ac9a4c7f5ecc
thumbnails/IMG_1169.jpg,8893,963b852c556151b0437e127f3040c0936ccde73d5c1196bef82bc55c605b21ba
thumbnails/IMG_1193.jpg,15783,dd98e5166d34f756cb14a362d7676aa403c3db6095df40e5f774c247e95710e8
thumbnails/IMG_1255.jpg,14657,adb178d3a05dd743003dcfd7c7f3cf9dc108e3163b0514051354bbcab9161d6a
thumbnails/IMG_1256.jpg,15040,44327450e65476bdb623441ffc4a3b060074163fad8fcb4a5d71bb780ac7945a
thumbnails/IMG_1259.jpg,15148,bc8b404a254dbeeced4ad4ee41000c68315bd85dc6c0046eed4e646eb6c8c4a6
thumbnails/IMG_1260.jpg,14878,1b23a200ee646988400171fd3b2659c8a671e6235105f9f9432612f642a82e82
thumbnails/IMG_1261.jpg,15763,02a668bb82b201a6a0cde6f06232d07b2e1d15e8e06b89043f53aea3d1e0a3dc
thumbnails/IMG_1270.jpg,18532,91db39d851e22a3c63b25dfd768c9987f8c92bc1e43e20123d27b6c1e0dcc550
thumbnails/IMG_1272.jpg,17911,96ac2f53c2a11cdc89c3eb93da980b65a4f508715402207be0e42c5c4ecfea76
thumbnails/IMG_1274.jpg,19837,2ca40bf74e86757d43bd0104083cd932ad13dcf87f8e19ad85be9748e7ac90d2
thumbnails/IMG_1275.jpg,18934,69296d4f67cdc327d9c4e1dfb0e296ad9d62ae853bc287b6889457f9b0c720a2
thumbnails/IMG_1276.jpg,8651,129312e4ff59bd10fd8e31e1fcaf328cf9fcb8d9830bffebc01b7b13fe5f08b9
thumbnails/IMG_1278.jpg,19024,9087cd7f2f7a0ed9aa0cee1afece4983354f6bb323ecb87dec4c99ab91242a33
thumbnails/IMG_1280.jpg,3555,588c43e3cd854ba1931847656b1848771ca042e9a37cd1fcf8e496ce2740ef4b
thumbnails/IMG_1284.jpg,15470,b4d8f656d14673f6880466a5e2fd7ee6d80c01a18d1cb027d533a668e13f44b3
thumbnails/IMG_1285.jpg,11705,10755df8bcd5b674a87e5618517f0b21d20e933a6dc2525ec29a6f0b7fd556af
thumbnails/IMG_1286.jpg,13933,ba9bebe97d203b8544124ca9e7487d68f23330dbf975fb3170f35c646b667552
thumbnails/IMG_1287.jpg,14553,65590d4f3b00997ef7e1ed9de01c63bfa2958fbac695c23fbafce6fa4f8816e7
thumbnails/IMG_1288.jpg,13806,946976e4ca6dfd14f459e7d01d4d37c086e12c621b1030ddbec80ea0c83ea3dc
thumbnails/IMG_1290 2.jpg,13083,c8826778c6750ca18f0ab2306373a80f8f52d7321205e2f59cc3cc30a117321b
thumbnails/IMG_1290.jpg,14337,0f88c1d0ea791bee1bfd5a265687d1e368307b0b3a3a3580dd9ef8b22bd68d4d
thumbnails/IMG_1291.jpg,14186,774fc1048ed574c99d102dde0748d1e464a9b7177ffc4e4b9a0c677a516a8e74
thumbnails/IMG_1315.jpg,10937,a0e9ed812cdbeaa8c1d60d0075533ef8007857b54d7a44ffeb837d2db3a00480
thumbnails/IMG_1317.jpg,9968,f62c7995c6b2963042e24b0fff57a84cc6e34995c0d2aa59a44d1df128e0630a
thumbnails/IMG_1319.jpg,9687,0542a1a41248748c57977ed26f2deab976c253a6e9d63951136f4861af102e08
thumbnails/IMG_1320.jpg,10509,43160cea110deac7e83a4a9ed079ae2eb9312fa50b19191d80c7738a73ed7f13
thumbnails/IMG_1321.jpg,8398,d6a4c63e81f93eabd7608b95d81372c50e8e07b5054c9f4589d0181fdcaf90b5
thumbnails/IMG_1323.jpg,8349,5fef70909ce35b843e88ce9fdfb9bcf5eab386a42a6d348b9416e78cac370c0f
thumbnails/IMG_1326.jpg,11703,38ec2fae3ba5238d54e6be42f3468bb025e91ae84df11faa019e2836da926039
thumbnails/IMG_1327.jpg,11711,a495c8d6db88c33b20f44a0e6526156d02650d7af5e06308730b6ad8b6ef8519
thumbnails/IMG_1328.jpg,9325,76e5a2c5e5402fe85763f34f3d9fd114047caa65e51eb741086494498116c479
thumbnails/IMG_1329.jpg,12918,fcd598ce337756df7e8f289c53d3876caea2ab0a128516ca1daec76bee006820
thumbnails/IMG_1331.jpg,14618,b67476a6c2574d7630e419d4f0b6ce001e7ac0b123759f3ed2a6baf46db5d101
thumbnails/IMG_1332 2.jpg,12633,32ac3aed4385a09aa973c318aa5953369294665762b0e7078fd9626b5370272a
thumbnails/IMG_1333 2.jpg,10605,b6606f0a5bbcadfffeaa4c009515b0906e745f7e1d9a09f548c2d62007d6a1bb
thumbnails/IMG_1333.jpg,14316,58b30bca95f7975eed76bbd312f53a6e701f02569e41267256389315765e50ae
thumbnails/IMG_1356.jpg,9245,4ae79cef58f3eceb8c8d595ab70bcc73cb7930e7ef19ca06a29296570a8c6601
thumbnails/IMG_1357.jpg,11282,0e074ea0c044cadb874eff80176f9314360638fbb50ae1ba9188d3bb054ef92a
thumbnails/IMG_1358.jpg,8855,6309a188832b0c4f8bd8d9563c3604dadcde89d927ca11a6b148944806e374d9
thumbnails/IMG_1370.jpg,11648,44daadd81af1bd097bf19416e8ba99b008aacff027a9801cbc8304e66f3d9b37
thumbnails/IMG_1371.jpg,12422,23256d97ddd9101a355ad8ba90e2764d999f224f3a3e4c8d34de5a139648026b
thumbnails/IMG_1372.jpg,11958,c81a0c064893cbe177eed072d502f5e9e40466b56df561ae69b5cf504e82eed5
thumbnails/IMG_1379.jpg,12435,ce03a5138c5ba4c2a1778132f3d1b90d73a0881ef8dedf901a885e4149f320b5
thumbnails/IMG_1381.jpg,14114,844492ea447313b9ef122eb3ac7b5ca8f83a6c338cd84ee2985cf275550bc1f7
thumbnails/IMG_1382.jpg,11604,457c5a7e8a715e2a7f807984bc13167fb7766f331e6dedb4f0ebc4df1466c507
thumbnails/IMG_1385.jpg,8755,39cdf820c668b4eacd5a830ab7386a774257bbf82b0fe3a5fbbf2c0e2ae98d2a
thumbnails/IMG_1388.jpg,18314,a4c71c40d82a087dbd88956838efaef0ac05beb6d5cc3e3027d843cea8548010
thumbnails/IMG_1389.jpg,23095,50d4fc15545369f97c408d984a7e1b72900105c131e7a6983eda82dcec85e429
thumbnails/IMG_1390.jpg,16893,04d6ccde9c676ef4c44f288ef9804c487bbd19bba96bad2627e2fefbe16fec37
thumbnails/IMG_1391.jpg,21730,fd82c665e84ff494224bde91ff855bb684e1531bf17cf3d1634faa57254944f6
thumbnails/IMG_1394.jpg,16257,5ffbb7123d344de01b733a6f1accbfbb707368fa1c2531d8b8b374119b5daa81
thumbnails/IMG_1398.jpg,22255,2e217aeef51f30c558c1ee34445f69f26084bb4ae793b105e56cdd0149f45a89
thumbnails/IMG_1399.jpg,12000,519769f71ab2b9b16c6ab121ebb62288256a5f97bfdac1bcafa46c2903282ba1
thumbnails/IMG_1400.jpg,22667,b310f4d08ee7e0f3a0611d28df53a927f1d4f979cd7e105761e51d3de2a15d36
thumbnails/IMG_1402.jpg,18476,9a188001678cd74e90b7e593e331ebc3c0fcac8b61d0ef69ec239b1235185230
thumbnails/IMG_1403.jpg,16976,82c98708b5047730fe27cd953c5b54d6e7c8e0624f21ad683447874831c38e05
thumbnails/IMG_1404.jpg,22505,05063d5e7954fc14d2fc13cae45b4d57b63ce0824f9ff8505cee3f78f628a3c6
thumbnails/IMG_1551.jpg,8609,3235777a1033710a41ec147bb2978ed68ed1fad208001d5d1f9d6ae7b24328e4
thumbnails/IMG_1553.jpg,8850,49cd4c51733c46b7df8778ef31417ccf2918b42c838a1bd3ee7aaed75db34033
thumbnails/IMG_1556.jpg,8677,953db15b8d15c9862926b4b96079c4cc97475e9fa9ce0b126347e1f507076f6e
thumbnails/IMG_1558.jpg,8470,f78aa5a8c3398b668274dffff1306270aa9fab92959dd04beea351159568d80b
thumbnails/IMG_1559.jpg,7916,f53fca9f2c8be99b13bf8998588cd3313c1f129fdf72f3bb88428e22b154b6e1
thumbnails/IMG_1561.jpg,8221,82e0ff5ea2a634b834d070bbe76cdd76953e039b042d0268713cfe03c4119bf0
thumbnails/IMG_1563.jpg,8260,695da60f7574f0dc95af544faa33c05675900a61ebde4c56e45ed842d598657e
thumbnails/IMG_1579.jpg,16654,237239ea0d1c80f23a93b91e156a017474b8c2601e314a019457e88ec27c1b56
thumbnails/IMG_1581.jpg,23686,4e2ee74cd2833a9a0ae0ef6e5c37b6f8b6b4e9d6d2f8c3ff9391632240cedb1b
thumbnails/IMG_1652.jpg,8097,de1e2fc1ce6dec776f229fa2a21ee968d4f8b0e056e0d073ac2cf9c507386902
thumbnails/IMG_1654.jpg,7878,47e3b124ac8d4c0d146ff632d52b2aa9ffc3e26eb7e98e028879a7837b1a3e5d
thumbnails/IMG_1657.jpg,8469,a579694ff47cd6a13daf29dabcf7ba7816647acbd2159a9f11442560cda0825b
thumbnails/IMG_1659.jpg,8616,e77e7a2eef2414026f5c13365b02755766a893c993bab99e1076a76109af0e0c
thumbnails/IMG_1660.jpg,8412,3d5b97a1800b65e662a9a7b2c8c88d7a4be3481cd509ef9f6e96e2ad0314cba5
thumbnails/IMG_1661.jpg,7985,7d69213e82d55c456b886b00fade498b04052255c97b688383b4dd5d7a0e393c
thumbnails/IMG_1691.jpg,20457,83fba5770ae022c953ced750eea03816ec44997a40d492c73c040a3765ea2946
thumbnails/IMG_1692.jpg,19256,129d12d1ecf7d39f2fa6e8fb54574b2611e71df527015fe0df0b4236f836ce5f
thumbnails/IMG_1693.jpg,20314,ebf0c1092288d911e2fbb1dbc98ed45129756a26b75e7563cb91c73264c1882c
thumbnails/IMG_1695.jpg,19310,0de7d9b83a69793cb9a49221ffc7c492379ee1fef3b112ecd66866be2dccb86b
thumbnails/IMG_1696.jpg,18967,ca5d55526f00c8d24d934b94846de507ba22b2f49dda1e623f3e771c26798671
thumbnails/IMG_1700.jpg,17501,ef8ba2981e3f2f83ef7a62fe4667697ffd5217bdf1815cedbc335abc7b07a490
thumbnails/IMG_1705.jpg,17743,b180a9b9c213be3240249ff0184ab810bddab5aa8e3912d722e91c705b173d2a
thumbnails/IMG_1706.jpg,17622,408d47437526682651030c645611cc6601488810277963ff81fd5daaf65d160d
thumbnails/IMG_1707.jpg,9633,369ee61aa9234b7b81d92f05c6d0e7a9b288896ebeae38b4daebc6b317020902
thumbnails/IMG_1708.jpg,16958,591116a1a2633fb7e5d0f631021be24c3231ea3acb65d30b74a0e3e9bb870e62
thumbnails/IMG_1709.jpg,17056,9367d4c97ad48f8dbcbc7f5aa92b24ff06fa6f0b9a7d1f02931e90529b21d849
thumbnails/IMG_1710.jpg,17527,2135453accfa9adf27de66d330ad76a68385cf8fb78f31743a47f19606e29d81
thumbnails/IMG_1711.jpg,15344,7a2fdf5e8f3cdbea752f70c824b1d7d711a3e712772d4db767a01cb9a9375bd9
thumbnails/IMG_1712.jpg,17987,82969b4a15dd3d4fb368b18f377f8c25406b1b8fb5e876f5b47751fdc6bf716e
thumbnails/IMG_1713.jpg,17646,d27e54b8c858033592b4568d4890fa3036485b7361b035eff34304c273b2d0d0
thumbnails/IMG_1714.jpg,16648,5fbc9692bf39f8a0df78e963e3528a2b5a7922aba3502b490c8fdd789fd271da
thumbnails/IMG_1715.jpg,17549,742d0734ad3e5f9d3e87a6eb730e459c4b60db7a1b5c7eeeb5624eea26b9e674
thumbnails/IMG_1716.jpg,15596,eb70c4e23a76038a5a946319e408763a2cd2cd7a40fd0fee835730b0cae11255
thumbnails/IMG_1717.jpg,15268,4cf56b9c20aa5b4346db087220e6b272b782e6eeb7e4d196ac0c6dd18012ada0
thumbnails/IMG_1718.jpg,15666,864b7fdd919cf50e98e37747a21a5f835d6902cbf37742e95654fcf94a4429f2
thumbnails/IMG_1719.jpg,15600,e0b56cc35b6be38f9fbe8f880b9b731039fc91d58643462728519e21cb51f4bf
thumbnails/IMG_1720.jpg,15471,c2a89ffdcd93f2448c96f1383fb4bdfdefab60016e5a9c1418c520450d940705
thumbnails/IMG_1724.jpg,18965,66a291d6df9a7cb475bb92ba0e3b15c1f9963f1f52f2886d4f3e9635e1d9dde0
thumbnails/IMG_1725.jpg,20402,06e9938ea4b93d17d5d05efb3146658c321e63a1c09c1683fcdf69c756d48e5e
thumbnails/IMG_1726.jpg,21098,63e8cf43ba2829aa056b6c5186af0d0981a4ab87b736f42849754199e2d2ae5c
thumbnails/IMG_1727.jpg,21260,d28913dbe60d14cd94ad90d349ee254dc69b6444cc44ceac74a8f83a223b3c02
thumbnails/IMG_1728.jpg,22245,206b0a617aa048f2c1c4b294954c26bf0bee6061fa29615539569e99c904d5e1
thumbnails/IMG_1729.jpg,21848,fc484b74b18603677d685ce2396835270bf9932d73c40a21238f0c852f0b6ad0
thumbnails/IMG_1730.jpg,23074,668b85f84fe48b3403180b312cf987a66be5499294e901545d660c5cf4dbe5ae
thumbnails/IMG_1731 2.jpg,22677,a775d32da1a4d2cc4849af4aefaf8fe8cb298a6be04d4d8520e3a030588fb797
thumbnails/IMG_1731.jpg,9844,51543f3725aba0582eea999195523c2ba6830aa0a8701a99ce02a17daf0d2d2c
thumbnails/IMG_1732.jpg,21892,045843d58b2c2af50c05766eceb796612cf6bdcf174b9cbf8c7b16d2cf2f87e6
thumbnails/IMG_1733.jpg,23277,6b3937d85f336b5120b30a427526d6c04dd1952eff1d4300c42e5df5e916253e
thumbnails/IMG_1734.jpg,22859,5de9677ffc81504a249af55e5e12f87e2732ddf1fe7e63ebb3f9e5d3802532eb
thumbnails/IMG_1735.jpg,22795,a4c288cc31d4b191461c5f3989e7fe663f8e192bffdea894504aae21c0e80f6f
thumbnails/IMG_1736.jpg,23252,8193667943289d03e3eb5fd02b7ea5be7b5b183d19f65ea9e58fcd3e2ebe2921
thumbnails/IMG_1737.jpg,23523,0718cc2c3fe8cbb0116f784d25dda743af51b29913ea50f5ae9a4fab7dc6447e
thumbnails/IMG_1738.jpg,23174,b596ae17fa53c0765997d334c5976623ed4fe94f243472bf5ac8c2b44da40e7b
thumbnails/IMG_1739 2.jpg,19435,1c83028d3611720e015c5f94a06ae16947e1bde674d43ccf7450f2d9c7ad77b4
thumbnails/IMG_1740.jpg,17659,3987f4ff37caf02434ffd80cb90f01f4b700220e46974e86dfa74fe8ad7a6db5
thumbnails/IMG_1741.jpg,13361,68f1bd853b7b17a7bb4b03ebf028494cb079acf524e327e89d4b3e0f69c65a14
thumbnails/IMG_1742.jpg,14072,e260fc8bdbd4725f94930b36a4545d9badd98dcfcde8b0782746d569341a2868
thumbnails/IMG_1748.jpg,8637,944aef61d999c9bfb2738e82919bb67b9611df67225f8474f764da9a3fc55c7a
thumbnails/IMG_1749.jpg,8672,0330bb74c11debf4bdb9917f82c7f4a56d5626f978f16d52079f1f5ac5e16f0c
thumbnails/IMG_1757.jpg,11646,3fc9929370a341bee5824dff3467d8b7185f66c9dc614a2c9968ff1fe6011c3f
thumbnails/IMG_1759.jpg,10879,68e65398ff189dd6270f31bbde137bde85f521c6a5f6a20c49bd7b2a38541cab
thumbnails/IMG_1823.jpg,13111,c8abfcd6b21d7144731428839266351af5b8f56909840d86aa76e2e90142992a
thumbnails/IMG_1827.jpg,14324,3bea4185ed696a9960492425866cbbffb51bd63ecdc720c5bd0c1e2042fbf260
thumbnails/IMG_1828 2.jpg,8904,3ce4b78cae1dba6951e495589cde33b6a4188d73497edd7c6ce9c8e3103420d2
thumbnails/IMG_1828.jpg,8904,3ce4b78cae1dba6951e495589cde33b6a4188d73497edd7c6ce9c8e3103420d2
thumbnails/IMG_1835.jpg,9658,9dff510d94ccc32b7a364b30f97f2425acb14a09321a480fe729629d76583730
thumbnails/IMG_1836.jpg,10912,98ebf0111e75d2b31c0c04eb49406a9f94caec9786e7d6fc3c36e5c90ff55bfe
thumbnails/IMG_1837.jpg,1587,a7bec12b6402823dde15fb908914388a0dacb0ec06768cdacf6260a41e3b42b0
thumbnails/IMG_1838.jpg,9885,1db051d992eb443d615c00b2b1d279bc0b6e8610c6efc6d19a54e3bfba54ae6a
thumbnails/IMG_1841.jpg,9459,f1e02d040291e21635af039d15f96de6993158a35cb0e3ce3c537df4dbfa9e00
thumbnails/IMG_1842.jpg,9209,ee90ef216af2c79ec22f9528efff63b82d059d0245ee4c04522d7d3f58b36fe3
thumbnails/IMG_1843.jpg,8753,4b5958f2bfaa7e12e060042574ec78da3ef3218653a2774ed91ccc52244a535f
thumbnails/IMG_1846.jpg,9774,ed684829631ee8ee99ee3ec3411c04b06da51848fb5b59e7082c915df1142698
thumbnails/IMG_1847.jpg,9279,961b5c964d9cd259536572e7a3ab1b791a29adc51dce0f5e2c12ed0ffe29c44b
thumbnails/IMG_1856.jpg,13204,57bfe1e63c459dfe0e0119c74d8eb51bde4e753573b025e3467225237df4b556
thumbnails/IMG_1858 2.jpg,10624,d67697295f479c62fa04bcabb52daece4aff91c29081b04d9e40fe4ba4a141e4
thumbnails/IMG_1860.jpg,21618,b06d0e822e2a9aa66fb24c19780d6e4cbea98086a519123333e21ce20dce1a36
thumbnails/IMG_1862.jpg,15403,a6960ccfb5f85770b7889166c78b43eedf11647923a0feb92b38a667ec27b9c0
thumbnails/IMG_1877.jpg,16347,1b6310284e98ef8db4019d5fba229f1e2b822d83bba49880caa034ebd7fa3281
thumbnails/IMG_1878.jpg,18210,d9216f1f57a27f9f073e6f4b9e0ee23d0bfa2e2e21fe9227552bc6a07d2f5b2a
thumbnails/IMG_1879.jpg,19117,f1982601e2b573db2dbfd14deeafae0ceab786fb7877567650d77e0b13a65e73
thumbnails/IMG_1880.jpg,18999,c50ed899f8020004a366675d58f89ac9494699496065b7362d878c26132dc7d2
thumbnails/IMG_1881.jpg,18052,b87e0671d67770a2a1f75118fc2db3c04461c0abd3dae84a5b4ba6ef9fc36248
thumbnails/IMG_1882.jpg,17642,f2732d683a00f091598a8c5085b160c1bc1473e3dde98d02275deac3e9ff7a69
thumbnails/IMG_1883.jpg,18435,bcd05d6ce378992cfac4f1714f9242e656e07e30b9685c36609325840c743611
thumbnails/IMG_1884 2.jpg,15731,9e5a32daf432bc289a0f49914214a664d8ee6dd608c04d9e1c7e35115646ae01
thumbnails/IMG_1884.jpg,18777,f309179db100ae4f62d4044e3bd5692b27427ae6eb642b2298d2037fc5d75bd9
thumbnails/IMG_1885.jpg,16166,8a9d5dd98c9436521adc0afbad4bdd2fee771918a13cb60ddaa3b0bd36d1b9bb
thumbnails/IMG_1886 2.jpg,16469,9b663a0feb5b7fa5e55935b276dba5a8e8736b7225ca060980746619418bd027
thumbnails/IMG_1886.jpg,12155,dbb626f93a18cdff82a9435b55a153396dd7a188af3106a07d65afedcedbcb69
thumbnails/IMG_1887 2.jpg,16582,bbe0755a28cc6298b0f43f460acf00a074c1748d485c3892b4d45fd82ef8bc9f
thumbnails/IMG_1887.jpg,8532,cb19452b4187fdbcd459596543940d9dee0de5744e1f10798d779483d2870f1b
thumbnails/IMG_1888 2.jpg,16668,69f495c3b32e8fcbdac8a0e4d181d5dbe456983abb42eee81e4ff31ecc632ad8
thumbnails/IMG_1888.jpg,8977,89852f20ec249a055381243dd676f86be5944d57baae41aca065776ad778d715
thumbnails/IMG_1889 2.jpg,17018,0dd36036f0108be6af7249b987d862b5730e4b6f5fc3349db1919f5bebcb4da0
thumbnails/IMG_1889.jpg,7338,5e3ddb7594625bfeb4654e8fa6cc149dc14c58463e0395a3c27faa7ee2ef0c7e
thumbnails/IMG_1890.jpg,14185,e19d288e97077789df1de861170fc177d573a768a32f7926b998653f2918f38b
thumbnails/IMG_1891.jpg,20173,ef43bf80cec4b8029d6c21104fb295ac2d32126886c5248732ac96aa313a9237
thumbnails/IMG_1892.jpg,16910,511c258d0a647b2a66dce23293790d7047dcafa661f59a8f645c7b1964ef361c
thumbnails/IMG_1893.jpg,16225,57815e59ba5aca58b9e1483c897dd957af8099d4a4f80de107f49e57c11b44a4
thumbnails/IMG_1894.jpg,15792,415ad98d5fa35ea3f34a1281319b6606266bf2ea8e7d5a7652246ae1213952e4
thumbnails/IMG_1895.jpg,20493,c30c937807266185fc8fbdc357fc253ede2a60a11f5b8fee72d73a8698507199
thumbnails/IMG_1896.jpg,14331,70d95233bc6581bca48ee08c2876ec37b56f64100bccfb8fc7a8ed27026914b7
thumbnails/IMG_1897.jpg,15415,6c9ac72e4c898a8efe193290795987ef129b5a0291f4705aede2f0168871fccd
thumbnails/IMG_1898.jpg,15681,4b547ef12acd752b1745a5e059c27d255303131f32a2abb02e520113e9ef5194
thumbnails/IMG_1899.jpg,20262,a81f421f3987e242faf1dbde65d58102fecf75a77ce4d0e3c86f6bf72a280068
thumbnails/IMG_1900.jpg,19947,f538f0d642024b11fe05818aceb256f8582aa8b71f5da62665b4ef672515fc5b
thumbnails/IMG_1901.jpg,12363,c64376f7c5b02b7fec2a31e1c294afb404a6818a33730a0438ab4c7746c661d9
thumbnails/IMG_1902.jpg,14694,bed57bcf7c6201088b2cdf3a1c63b9f0eb24ec1e4c5370c51adb1b0d06d685fa
thumbnails/IMG_1903.jpg,20819,630dce383b50ae4b22ef1df1b765cdbbf48e4917485ccba89534d1f71c5f1c43
thumbnails/IMG_1910.jpg,13816,38b772da963c09f077a84e9bca986633156fd9d1652631b533408d86414f511a
thumbnails/IMG_1911.jpg,15148,b3af6cfc75c02c5e5f86f81d28b459486df30094088cb2618a7a4dfa681ed1ce
thumbnails/IMG_1936.jpg,16068,437759052729b26be8a67767b4e67fdb5b2f42092b1041797a408fa499a7b271
thumbnails/IMG_1938.jpg,24519,7c10dd8abba2b9aad6f27ccb671c6167bd8490ccd0aa9166a34875e78b6227ad
thumbnails/IMG_1939.jpg,23484,76b09e8ac58096b60a2470daf8103deff6a226953fb5b00731879747470d70f8
thumbnails/IMG_1941.jpg,19695,a2d9e205932c1d2deb626bbaf0b0d6a88299e09c77dda81fa171798409222eae
thumbnails/IMG_1942.jpg,21107,65dd321ec7d4597343c8af728e77f7efc18ad80e70bff0a1f351dadcc8756aba
thumbnails/IMG_1943.jpg,22185,991d1f12541a937d15ee7c7aeb916bcf47950e8d65f750078e0750204f837c52
thumbnails/IMG_1944.jpg,21709,3f44c5c7f170dddba89ed9629c62873d58138c3ccfd8c44562d4bc7039a1693c
thumbnails/IMG_1945.jpg,14416,ef7e21a375a8acec75cd75203ebc8fc36d5afedf887ba50dcbf64c86f2c1f4b4
thumbnails/IMG_1946.jpg,17176,cd43c473c5491c9c63b4742d9ba7fd31f0b8d5b4cecceaf2c6e4795ca5501da4
thumbnails/IMG_1947.jpg,15889,150380317d1d4087d462a71ce057b792010cf699cc0204893a6195af3a446f9a
thumbnails/IMG_1948.jpg,18555,b21acacf84087882def1ade89a27d4594f9fffe70fabd8fd0412f9cf1d524795
thumbnails/IMG_1949 (1).jpg,12870,1e83b5774bb9d95c7b5878a25404d59487889532da6346512f58379a28dfe311
thumbnails/IMG_1949.jpg,12870,1e83b5774bb9d95c7b5878a25404d59487889532da6346512f58379a28dfe311
thumbnails/IMG_1951.jpg,21984,a075a65f883c025a12d81fd0e3a0c3828919d19ee97a1039f9e09c4dd0850e24
thumbnails/IMG_1952.jpg,21199,864f3b9bb8ab30b5d02918664ebf508244dc8b757514143c3232ecaa3748f74d
thumbnails/IMG_1959.jpg,11130,2a9bd4cc34d016469905937cddc63a851b1aec1c913504fb9fe638eacae3c94e
thumbnails/IMG_1961.jpg,16714,234b6dd9ca9f77bb08b708fb6c4475f6931e176c36addbd3ff8d4124ad970215
thumbnails/IMG_1967.jpg,17276,541696328d0ec5771df3cbf26796778e6122393f87c10e82a03d4b50f3140690
thumbnails/IMG_1970 2.jpg,17530,2ed9272cb93888d05bdf665c168cc2647b61e8358337477d3506132c0e8a17c1
thumbnails/IMG_1980.jpg,14057,37426bfba73c546fa8ec894eb07ceac868f4db2dc04c42a9ba5d2ed091408061
thumbnails/IMG_1982.jpg,17628,fddf007896596896ef9e2179aef95697b9117acefd02191182a6248e85f86e24
thumbnails/IMG_1987.jpg,12536,7e9b331ed5478f03b5262806a7e347566b9ec1948e2ba1ba72ce0e34923cb615
thumbnails/IMG_1988.jpg,16870,51ae4db7dc36a0ab329e3e9b379583a5d580d0ecf0a714fcdc51130c707c041f
thumbnails/IMG_1994.jpg,24011,56cce0d0141b9e3309986da0264b0509387f1c62984df6b0da1e03f33f232e73
thumbnails/IMG_1997.jpg,21333,9b99d698a9cc79c936eaca97d2280cea67249602ccf5d112f4c51f1c4ee66c52
thumbnails/IMG_1999.jpg,18644,f90badde67f302b0986a9e03af52e845473c74ca385947d6bd1b5803d1fc06fc
thumbnails/IMG_2001.jpg,24455,933d5d752880e21a059e50a96fb7064fb856f89fb96aca83db38e2e6da428629
thumbnails/IMG_2003 2.jpg,21322,2deee021686a624e2b785d15a1087ef6f9d312d1d8d79bd666b1f5dbe71fa0e8
thumbnails/IMG_2003.jpg,11503,a64a961db61fdd99f4dda0566bbf80ac258d04c6eb90ed8368cd245c2ae1974c
thumbnails/IMG_2004 2.jpg,21818,bb5307b0fa75e7ae932eac4b0cf94e9932eae0d1a4a720ba8dbd399cd797469b
thumbnails/IMG_2004.jpg,13869,1f6d194b41c8073741995e5ef622559e1c4392013d97c93daa6abeba422ad280
thumbnails/IMG_2005.jpg,19083,1723bb1688450ba4c2a8da6cf28429c15ed5fd8561de60e27ebb6cfcbefe95c8
thumbnails/IMG_2008 2.jpg,20044,e4f0ef09cba2fb70fc94cb038c840e7026969cb18f1ff6fd4208b6acbd570a8f
thumbnails/IMG_2009.jpg,18689,e820f33bc8755f5582b7f2ad096a595c847f3c7832640dc051e933dc62ff4ff1
thumbnails/IMG_2011.jpg,20962,95647d85f9027db26d52bf2d3665d0de368275e7f1a48bffb79bc79bf3cbf8f2
thumbnails/IMG_2012 2.jpg,21117,334bd22c7cfc5976ec5386cd6704f3f5c5ad152d4b3ae96b0884cb44b431e4bc
thumbnails/IMG_2012.jpg,19109,c4f6a3afdca7d40d1e8c2836118db7dd93f3d247bd2806f24feee15236f1bf82
thumbnails/IMG_2014.jpg,23656,6d1beb2078908aaf2ef9c923b384bf99e36f7d1308cf06f1dc0b4f2eca6c2d3a
thumbnails/IMG_2027 3.jpg,19315,d1851521b80b4152c82479a29cb44217ed6194296a867eb225b1af035898c137
thumbnails/IMG_2027.jpg,3731,5e11525d565b3c670a0d4e8220ee35c9787a8c9d31319583fe1b85527dca6aa3
thumbnails/IMG_2028 3.jpg,17244,17f041bcb9f84fcd5e7c477bc30d5b8f7121e14bde1f23f3740850dc95a1b58c
thumbnails/IMG_2028.jpg,5599,057883d2b34d320cbd5b371a6fa612dcb7a96eb60694ce1c58b91ab318ff7d5c
thumbnails/IMG_2029 3.jpg,19878,e3993d5d227d46a2f101f5d7a2f4e0988badfa0c9075085a1c88420e3dafbaea
thumbnails/IMG_2030 3.jpg,19023,7aa16b2559b8669a4efe17ea8339dbb00ad81922a618467156d81e92ab078c81
thumbnails/IMG_2030.jpg,5239,0f75656bc73ddbf2491a298a0d1c32004ec51c165aa952b34558875635bf120f
thumbnails/IMG_2031.jpg,5270,4a213526dbc4e649d51b424d53bceffa48e7c72a881c331af445c4926274a604
thumbnails/IMG_2034 2.jpg,22815,d2bb279c9a57135156b836340a853cfabe9d4dea2a44aa95274c828380da819f
thumbnails/IMG_2035 2.jpg,21403,bb50326321e97c01c61fb4cead9f6b5d5439cba4a039c2f620bb8b8b16bda915
thumbnails/IMG_2036 2.jpg,25511,9b404a8bc1568ba40e5b217b05ca33ab89f424468ec56f56ef36726a643ea2f9
thumbnails/IMG_2037 2.jpg,26211,f84d8973d706e9525fec01358f2d9ca4675679e8343eaa85f0dcbed028c3a4fd
thumbnails/IMG_2257.jpg,2086,bb3b71f78a8c09320287b0810846d0df20bf7cc09af08349fff6e77c034b8db1
thumbnails/IMG_2277.jpg,11471,5a9e9ea6decea18257882f2551274675fef53caa165787e1eee3198f95a7b3b9
thumbnails/IMG_2280.jpg,11411,8d3917bded545b96a69dd5662956f15f2a6e1fec235ad6126c67bcb3df283665
thumbnails/IMG_2281.jpg,11408,1111ef786a29de998c68ca0e3a67931f4451b0fc161ce9bb1088a302807068d7
thumbnails/IMG_2283.jpg,11497,e77b99ad68fc76bcd89eb0f6fa3bea963069e8dcf50e263849c1e7a8eaf56bfa
thumbnails/IMG_2284.jpg,11317,249fc9c2ca8ded53c9b3dd940b737bbe9eecaef564ba1198c074eb1835c3c6ea
thumbnails/IMG_2285.jpg,11515,f0aaa830271529f745da79149f12487e967035d520761819e3915611e7c065b4
thumbnails/IMG_2286.jpg,11665,b71eaea1807e361b4a55391e49a976dab5142f2c544855397f97e5d013e03ad7
thumbnails/IMG_2287.jpg,11531,d53c7e897af0d594459a56673fd7813cf9eb5e5cda8475b063ed622e3df42970
thumbnails/IMG_2288.jpg,11514,b94c9e7d55d329623b61d63deda23520775c3e4b526be83a0da71a5279089c95
thumbnails/IMG_2289.jpg,11666,d9a8c44127165fad2fcb75f85b835be0d304c0d697540f347673caf7df4235c2
thumbnails/IMG_2290.jpg,11536,87653ce9949f5d6897e4045525abb5df78144ae4f82448b37ff972df263a49cb
thumbnails/IMG_2291.jpg,11373,d7195165fbc03ed02c4c9f8692874b657ee4c22f2bb64f4a1155e415a24d1333
thumbnails/IMG_2294.jpg,11896,9bc796ccaa98fa24d6dd81dda3e81c12619b67f2f6a5a497c9b1865b5ed206de
thumbnails/IMG_2297.jpg,11639,54727dc277030a73b05d79a7051ea745bb8b27af42d10042f1dbc8afbec772be
thumbnails/IMG_2298.jpg,11511,265ca1596dbb2978aadd581aaa78d5e6d8f9554f327a8e07bf4417e34823ad09
thumbnails/IMG_2299.jpg,11475,46eaf2e39e9f1d6f689581ea77b7386c6c48895b044d51fcd1091ac4507dd979
thumbnails/IMG_2312 2.jpg,12296,67b86945aca339d24f430a0f24f0b1d110f1b0fb79e88e024f77f6865dd8c691
thumbnails/IMG_2313.jpg,12735,0f3335f6feb7454f1191f9884478f5860d42e1417a209014570160bcb5ef62b9
thumbnails/IMG_2314.jpg,10707,bfb2a277d9397162cb51fbbc159adb1274aa708fbb2642622867a2cd746c3bf2
thumbnails/IMG_2344.jpg,11552,a691af879d5a13582711350338dc0bc92b79a27c1342c6eb0bedb7287deb0ab1
thumbnails/IMG_2345.jpg,11241,261551f4153c03ab2a4f22fafccc07580a6ae2b14e7a11b98faf7f982d50ba69
thumbnails/IMG_2349.jpg,10455,a15ea3da6f3ce3308f82150a976b94659e75ba70d4685913814bf3bf84e99273
thumbnails/IMG_2350.jpg,10548,64e2cc54cb0788d4b633d2007650fb16671e83fe2a185240ca58a42bb44ebd3f
thumbnails/IMG_2357.jpg,12385,2b8eea44f52e477005e4532742c7a03eccf882956a11f70e97a86bd744d8f69e
thumbnails/IMG_2358.jpg,12299,40c66aa1b12e1935b08441bb2a32706b6363286101af40461a300efc14a74d0d
thumbnails/IMG_2359 2.jpg,13038,b2a9900a651c8c0c3dbd50fd3a9b023958b15c642383741e34ad8844abce918c
thumbnails/IMG_2359.jpg,14191,18776d9a6abbda25e03a4dc8222626f1515fc4768cfe0135d2bace154819134d
thumbnails/IMG_2363.jpg,8172,3adc68b7a8c330e2c85a035c5378bd82eda66f6e8e6f174583fc2f9775730f33
thumbnails/IMG_2364.jpg,8582,fd96f8555bb951354ba303f6a85f7798dcb1faa477f5ab5d6b37bc6a85c4bbd0
thumbnails/IMG_2366.jpg,8429,affd2f3bbfa50f628d5da4afa2ca620b5110d937f7429006671c2b207e4b5614
thumbnails/IMG_2367.jpg,8487,96790fa1e18812667c5e37ce09df33d059fa53d86eed2f1d3ffac566e30fd22a
thumbnails/IMG_2369.jpg,8967,f3cfec1001e9ba6295cb00693f05b4efc8bc219fb754b65a049fe2112fdb21d3
thumbnails/IMG_2372.jpg,9134,a6cb0accb9abf52d09aa00a0703a86ae87723cc3fd521bf6eb1ee98133327d3b
thumbnails/IMG_2375.jpg,9261,56f1f1e8f6c842397e81c9fe59376517f8212951aa22cdb1fa7b0256c99e12b8
thumbnails/IMG_2377.jpg,9934,7a2229eeb9caecf94d3d966ce410a835d838addec8481ad8486276e81c4b8c49
thumbnails/IMG_2379.jpg,7475,7aae0facd816176c47299d8ee2b19fd3d0b3c3662462fcd248da61c3249cad15
thumbnails/IMG_2380.jpg,2280,b66345c8f751f74e6f8e6e863f3a9425a1b490d93f36fae140c896093c27c0ef
thumbnails/IMG_2382.jpg,10921,7502f0277137d555d087454eaf7bf74876dd63fc8e76326c0245c89af5795a9f
thumbnails/IMG_2385.jpg,10141,45107e0aec310d4817e31c57f47f4d8834deca1261330fa3528d6088183e0273
thumbnails/IMG_2842.jpg,13515,55dc630e1e27953e2aae4e4e4a21dbf6cb5df64be1666fbe91899142aa3f8aae
thumbnails/IMG_2844.jpg,13248,f3b74ffc51db71e4338c353db101e761a182c4e9b4fba237536d35f7f7e91d0c
thumbnails/IMG_2848.jpg,11418,b0e79d192b76a72e8c0beaa07238d750c0d12f49f31c1896601f2d961eeb7789
thumbnails/IMG_2849.jpg,10398,4e6abfcb95f07cdf3d56b055386a203925fb7caa755806f035fd7ed4693fb836
thumbnails/IMG_2852.jpg,4373,5b0d7f9269f4afab61bd43bc82c2c023409e6022a672920451d7df969cf89287
thumbnails/IMG_2853.jpg,11920,470eed91a70fb6a892dfa95de1522e4f414ce7f17101b557d0772b52e3b9ad54
thumbnails/IMG_2854.jpg,11687,6dbba7aa0a8c5555606acde53a7a0c4a92e609473af84de9b1655378438285d8
thumbnails/IMG_2858.jpg,8604,c4c263d1d00e93c3d4b14b117d56dd7d31953067e409cc2e9fc9bbeaa617a1f0
thumbnails/IMG_2882.jpg,19399,de34c70d182beb16dec65ccf6439b3c09a9c6a597b78d5635a7a27aff1186fd1
thumbnails/IMG_2883.jpg,6684,812fc962084908a5304e4e1a8f57bc996703baeaac8dd4135b5971625f0601f8
thumbnails/IMG_2884.jpg,16663,ef674242930b53d369e3c59289957641b0901433b124c14bec463e31fa0bea5b
thumbnails/IMG_2889.jpg,18215,f1cb83afb6ed0bf5347e395dfcdf1c982a335363025f6b15f8575ff73e6039c8
thumbnails/IMG_2890.jpg,17125,1d807f20177f670a91b11e708d22c84d8558ef96119ec2949fe8bcb3d5fb85ae
thumbnails/IMG_2891.jpg,17461,277a31f3b59d800b774e602a4060e3c976f8b8681eee71df33f5897f2b84d6b9
thumbnails/IMG_2893.jpg,14554,672ce747e837c902ff3349d491e22abf530cb3cafba953e7f23b851da3f32990
thumbnails/IMG_2894.jpg,16178,3bb643b44c25775a7f1d1288f31e0f1c62011c406214448881a543f66936e2cd
thumbnails/IMG_2896.jpg,9602,937ca16e9165e5d5568ac83d6c487f3646baf7d8cfc7e90f861ed1cfbe54db83
thumbnails/IMG_2898.jpg,9338,922f4af52ef97128f9171877943d909bae958c7e267314320dd8fdf486209e79
thumbnails/IMG_2900 2.jpg,11703,11f3d4d2cfcc47eb62e531299d3e6a6772edd7307ea675565d35a28cb696c6ca
thumbnails/IMG_2900.jpg,10408,695f79c52f92a9e3a6deb44c8e89c935602149abd8921cff74eb8a146f87125a
thumbnails/IMG_2901.jpg,12360,e4865e85d878e1343f2140a0d7362d638a4d940fb01d2a60ce0854e913bda65c
thumbnails/IMG_2902.jpg,10825,bbe5a432fe6252a4d8514d4ae9b3c79bcf0a7d803a579b460f5d23f68b177907
thumbnails/IMG_2903.jpg,12207,c583efd0292603375355766874c4eb7ef50a73f5dc666402a83aec83754f91ad
thumbnails/IMG_2905.jpg,12625,c17a1b72a51ba074c36bb11e27b8b2c08e63d52f722e321bbe80da0fa349a060
thumbnails/IMG_2907.jpg,11525,ee6fb846738a2b753f2fa8bd17730318a7296cda0256ae1b8881f3ae98620d8b
thumbnails/IMG_2908.jpg,7884,c43c22d122e2366dba651c38ef4fe866770f321a09009b4be6300ed5a3c9ff1b
thumbnails/IMG_2909 (1).jpg,2989,92d8297ec03a70526c8c0a284d3a1dd342bf3c06e306347df2aa64195b020de6
thumbnails/IMG_2909.jpg,2989,92d8297ec03a70526c8c0a284d3a1dd342bf3c06e306347df2aa64195b020de6
thumbnails/IMG_2911.jpg,14666,e3550a90fe1be6ed42b74e43fbb541bef940ad3d3c8ca92fc09c1e57fdbea14c
thumbnails/IMG_2912.jpg,15484,e21d1ee9f21bee3cc2ae913525362c103e4367928ed7e86e414f7be346f258e3
thumbnails/IMG_2913.jpg,20279,5c382421ab6034bdc717d2f51a6e02056c044e07569126b135c07b5a8afe5623
thumbnails/IMG_2914.jpg,12762,f5b7ba4c854e3db5f43f13f3e817f930a3f476d0a6426fa925622e5c5800b942
thumbnails/IMG_2915.jpg,18926,6b883a1ba65ec19e438453be448342432303a39d76fac72ca4eb284df72329ea
thumbnails/IMG_2916.jpg,17304,ca725de79f25fae82ec0bdad8270c6aa52084b2e5cf583d6bd84dfb4d946fcd7
thumbnails/IMG_2917.jpg,17100,baa35eafe7e6ad995ffc5fc739c15b972f2d81c197519a1503ded98e527b5aa1
thumbnails/IMG_2918.jpg,16804,383d5e384068d14b1e12eab85c94116bb626cc59ba7e417097a55cd4a999328d
thumbnails/IMG_2919.jpg,19549,4829a6ea8678c33bbfc006ce6fe33166a65b90589e795fe1048141872929b84e
thumbnails/IMG_2920.jpg,14064,28fbeb55fe50945238bdb44d8f7b22f4a886970bb7f65d964419b85d3050a5a1
thumbnails/IMG_2922.jpg,13139,c06a22bdb1721adb1aca51aea73c851e9296fdb32f4815c70d39080f9430f599
thumbnails/IMG_2923.jpg,10567,49053641f2cec9238305011b0a27dd14cea0caaee279f98123c50f0efeeabb55
thumbnails/IMG_2924.jpg,13222,abd2d26f1bd6fa52ace764a40e14ab91dbc4c24b748552d8b097040786961c13
thumbnails/IMG_2927.jpg,14229,94e21a8b06b6f64d5d51612ab27d21ee783df50ada7fb508512ba2f6bcb85bc3
thumbnails/IMG_2957.jpg,11243,e89b4a4b3352d54c0e89e11c66525d89e2f9cf02a2a62431968febe90acf0ad7
thumbnails/IMG_2958.jpg,12053,ef3beb02592beb0ff9506adc4774da4d151fe5d81c14c38231453d118d790333
thumbnails/IMG_2959.jpg,13494,0abcc49891983a7b780bc608488ffc6fb5a86083011d4b37cd1adbb1f0f3acf0
thumbnails/IMG_2960.jpg,10885,3816904c58678a0acbd746cfa877f354a4625693a8608d379e125586bbd98999
thumbnails/IMG_2961.jpg,12586,5b571f438e9450172dd1e60995fd246ece16c5937bfe1c53c797e661d7016cd4
thumbnails/IMG_2962.jpg,12488,a3501fdeeaaf17646fbc4bc4086f75b7f93d0a72341adcc85f739e9f42f46752
thumbnails/IMG_2963.jpg,11149,2a7c45ce3f3348b1c2dd440cce1992a3316e74a5d97609a5be29c0352a0611a3
thumbnails/IMG_2964.jpg,10407,72914a77e431f92cca5ad803325a536a91faec9612e486bb39d4c5128c3dbeb0
thumbnails/IMG_2965.jpg,8857,6ea611a3f1393497576bd157e72e205f5593e7b2df74b42323d69177fc5ed2b2
thumbnails/IMG_3017.jpg,18033,15fc7f519fb8409f97478753bebed6c270c3aba51cb813b65de22258b7beb133
thumbnails/IMG_3019.jpg,18428,6692764f8ad315692f50bbae3f1f92da106dc7a846e332e5cab64fcf6feb0738
thumbnails/IMG_3020.jpg,15934,eb34a086df278bd697e8969bfdfa58cdc6dffafc0a9ef07e2b724be0a04f1f7d
thumbnails/IMG_3021.jpg,15904,7759caefb913de8aa0a933f5e42c32b8301411edd479150a49ab88b501f0bb2c
thumbnails/IMG_3032.jpg,12854,9b55493b7393c3358f218b88b3850c2f6f37b95bc8d93b625599fbb0f47c129e
thumbnails/IMG_3034 (1).jpg,12841,3b9347f0044a1a4f55c4084297160ac9b68d989dd0ecfe596775ad29190d5c94
thumbnails/IMG_3034.jpg,12841,3b9347f0044a1a4f55c4084297160ac9b68d989dd0ecfe596775ad29190d5c94
thumbnails/IMG_3037.jpg,14443,04c9f3d72eeb0c0b054532d6cfc2c84f671f0f657ee4773d95b7750d5462ef87
thumbnails/IMG_3038.jpg,18270,58c57ca03dd19220789ab99cef1f2ad2df1236d253fa5cc49916795371b40565
thumbnails/IMG_3039.jpg,19692,39f43a43e03e22bc8451e546cd5c6fa08910c997701ae3eb10a70b50eae8a63e
thumbnails/IMG_3040.jpg,18701,8250930d24a50d0164078a64d420296f358d4eaaee65ef6c63f41d35ced98aa9
thumbnails/IMG_3049.jpg,9029,6cc470cad065a7bbd13baadf11316889891f647d96195c030674f7dcd556f276
thumbnails/IMG_3051.jpg,17033,a976d8d2d01dc9427410d78986a4978ce0ac4384cbdd22bad387eb9825b563c6
thumbnails/IMG_3075.jpg,13287,ed511063666e3b18f706f334b2546ca065c85769889cf5070969d2b38fe58a3c
thumbnails/IMG_3133.jpg,19454,73049b0eb57aa95aaa58ccf19dcedb30d55959bf9b228aba462b149e59aee518
thumbnails/IMG_3134.jpg,19729,8a1bfc4e12ae47ed0943d94404717badb428845a275292da156dd8877b7099a1
thumbnails/IMG_3138.jpg,19554,236ab8b5161a65e46b41ff688d232a556e502ef5ed8269d720f1d0d7e077e548
thumbnails/IMG_3141.jpg,14531,0cf310698af47711d934e60c17ef43a1244367bae9536bde09f0e1a793a019d1
thumbnails/IMG_3142.jpg,9481,451387d3a7feda3020481aeb106aea9933f9f3408c224d7f051b94e7166ebb01
thumbnails/IMG_3161.jpg,1615,385db208c806210187291ca002471f5b9db9c4c3265db866d38ec2334557f030
thumbnails/IMG_3184.jpg,1637,9530eca38d32b4a28c250729b32bbbcbd30711f423a1633e0ccc813f41fa79d5
thumbnails/IMG_3225.jpg,1643,88fe3962f21b248add15c39a9f53efed735cc9290f4b3564482fcdfa68324f53
thumbnails/IMG_3237.jpg,19958,62a94dd2201fa3a52db3d28fed672c163687a38eb72f75e80dc1f2f6462b5a5a
thumbnails/IMG_3238.jpg,14628,2a76a80cea593e12b99e00d9cbd7d9efd72d93bc636d81ab37a49767bfaf3e47
thumbnails/IMG_3241.jpg,16666,cd16713b096ea4cbaa0a6deeb5ddbb1a5f1469a47bad392811b897688fae0fc2
thumbnails/IMG_3242.jpg,11464,ca78d652a28d3828eceb31059742a3dedc551a7daf8e1a83fbaa1061fb15ae1f
thumbnails/IMG_3247.jpg,10874,18a221abb867ffb425c786dbbe042f03a2aa630ba9ae6fe33453cccec35fd0c7
thumbnails/IMG_3252.jpg,12129,2e0ec602a89abddc3f21b3cfc10c277fa61ebbe569e36dd80e4f6cb770fed6d6
thumbnails/IMG_3256.jpg,18874,1ce69b3d32ed3762e3710bdf53bd297e006190667ae04dcf718bef9b5c8650a5
thumbnails/IMG_3260.jpg,13546,0e267b783aa72dd459560240a724e7d281666a832dc8b1da31040446cfc119a7
thumbnails/IMG_3261.jpg,13727,fa395a16e75cf944beb625354ca7bd090eef6def4de2d395b268b32af963b0c8
thumbnails/IMG_3272.jpg,8944,2c9b393deb767abccb37a1292a954bd4683ceb86a559a1d3c484b5e51b2a0907
thumbnails/IMG_3273.jpg,11578,3d985f9386de512d6a78da50a95f319e5a7a2a24df6ebefaf1669a0f4cc9bc60
thumbnails/IMG_3309.jpg,11124,e942f2f4981e49b5de95de73fd034781129e6dcd9164a265227f8d951b09fe08
thumbnails/IMG_3310.jpg,10656,c110e3826f836c9789439c3574e01bc08077c70c7480003aedc1735e17d848e6
thumbnails/IMG_3311.jpg,11723,ec5e5792955864d4316f6d48ca0df111f0ef49c371899491f264e9ff4505cded
thumbnails/IMG_3312.jpg,13143,f56c8373738262592750f9a8336ac143294166884a4106b97d25d4ad5133492f
thumbnails/IMG_3313.jpg,12381,d8bdb8d2b69013c5d6015b5ea39c7f19d0f2addc914d10c57a24eafea92cc74f
thumbnails/IMG_3314.jpg,12805,853bd46f75a95b1e79424f09bebdd7ce59cc77c5d8cca11bd816d450073a354f
thumbnails/IMG_3315.jpg,13723,26e86ac4b5906606fe09ffddfef1d735aef8868f7c2ea63719235f58f40497f4
thumbnails/IMG_3316.jpg,12871,ed106efe5fe3b8f1666bc9c5eea276234af8d5612157933c0a503efcdb7b420a
thumbnails/IMG_3317.jpg,12497,98e2118709d3ff69ba0f4d77463d75e1ea9223757e3f95a84967b2757bffa215
thumbnails/IMG_3318.jpg,15545,13f87a3c4bdaed339de8ebe4aefb1fd37be640a6b9808f8aceec0159230288c7
thumbnails/IMG_3319.jpg,14536,cc8019c50db110203d9b733263517b90ca3ca7a45fcb1aee1966cd3fff961b2e
thumbnails/IMG_3320.jpg,14166,2daa8b4d7eb8444d3b552e49e20a744127c2a631cdec45752b84b9bb3e5240cd
thumbnails/IMG_3321.jpg,14415,7ce15adf93d262e2c70656993dff3be4a0b39bc40c02eaac1ec6cb6c70719857
thumbnails/IMG_3322.jpg,14595,fd755ccb69be9a6778e84597da2709975cf1e1497dff6b9cd175d9e1311566a3
thumbnails/IMG_3323.jpg,10922,491e0b4754b97df650bb2c39814af50d3c012fb2f6a51281dc94628af5d143b3
thumbnails/IMG_3324.jpg,10984,850b3a188c9f76935bec5ebeed78514d7495cdcf253e41dbe23b9f48ae5c45a0
thumbnails/IMG_3325.jpg,10513,2337e17f5fcdadcad3eb258db3a952c57c8130a57a642b928b3f2cc57cd7b1b7
thumbnails/IMG_3326.jpg,17146,57d24fc5e09283d2a626acecd63abcc54d4b09a49c7c394b0cff1743796e1237
thumbnails/IMG_3327.jpg,16972,9431264d128da470f4cdb8101885f3e6c381ee933f35de785bb76ad1ef319891
thumbnails/IMG_3328.jpg,12779,12ea5a39cfb4d0d0b57dc1ab571bf98316594398b9c284f56ac98d68ef97fd65
thumbnails/IMG_3329.jpg,15101,c7dc46c7a7b436304cc8b85383c37b1d0431ef58143545b3f7a5082ab7714d2b
thumbnails/IMG_3330.jpg,23162,c282b6d174fcbd96fa948944ac80db33b44ea98844cf67cd31161470cf731448
thumbnails/IMG_3331.jpg,22070,07c2265318f40ac76c01a761fd19366b1c670b22bc29bc95b993ab527fe3ff6e
thumbnails/IMG_3332.jpg,17440,4437dd2999f0939ff77bd5fffa6fe79a2f55cb1304b94faa746034b444dbd983
thumbnails/IMG_3333.jpg,17315,19eecdd5fdb694c87cfc087bd3d67067d29c08c3684e8a38973e336b1c0c5687
thumbnails/IMG_3334.jpg,16149,031d7b6c96fa43bacceb0f085b1764a6e61419571ac7324ac5d81363210dd711
thumbnails/IMG_3335.jpg,14722,755cae42d5aa6f2c79267b8361a185b96246c5f58a14b6f40547a8522cccce0f
thumbnails/IMG_3336.jpg,22084,659c5953fc7ed749617f509ee752e2d385043077181e6f840cc965b6be998eba
thumbnails/IMG_3337.jpg,22527,502e58cfe2399ff43376ae8bb233cb442b92d255f737e838d1fd83761cdf4e2c
thumbnails/IMG_3338.jpg,19639,9a86227581bc1c9809a92ccbf5c940c56cad6876969b4073511a09185651ec19
thumbnails/IMG_3339.jpg,21862,04ef7cf15fd8100609edc59a78f46ffdd9e125497b6de34d83ffb54c6adc1f08
thumbnails/IMG_3340.jpg,17277,d0dc1f3eb5365382d78a3ff0b2bf1c7111bc3d25e692e8891ec0bf1fde2a2ca4
thumbnails/IMG_3341.jpg,16204,233604f3efc9b2b91877387da43384114dd6d485906952ebbc04ad0b0d000687
thumbnails/IMG_3342.jpg,16297,efcaa182484419d50ac09b96f780b88b6f0e01e6b3f634357f0d6746aac33b47
thumbnails/IMG_3343.jpg,17101,26ec76e36b95613202df7cebf993b1ead6fad6fff1bac2e472c8aa022760df83
thumbnails/IMG_3344.jpg,22697,77da0d83058cdadeb9e0c833f6e7aeccdb36b4ef2b7ada93ac9351774f28a39c
thumbnails/IMG_3345.jpg,22998,5ea13d06be05778b6c41679c251aa75fb0323933b527627398dfc75ecb9fc3b1
thumbnails/IMG_3346.jpg,22208,ed61e50b20228c7a29d2236533ebb1eeb09d7f3488db62370e6b05fe0fa79d18
thumbnails/IMG_3347.jpg,19296,3bac8a93a57f2899e261d371dded3c44ff8e4ee4aabdc83d5e1e2a4df4115f0d
thumbnails/IMG_3348.jpg,17605,e6e0fbe213e19485879f8f24dbc047afa2fa74d61ec89d20b0f27702db11681e
thumbnails/IMG_3349.jpg,13021,9c4600f9d86f1a9689beac35d162eb0c5359e86b8b5b4b8458420e473e4a25c0
thumbnails/IMG_3350.jpg,13771,19bb2ff1ea49fd9b5eaadfb61e4773ce00697a8d9d119754d3b58bb5c6e5e592
thumbnails/IMG_3351.jpg,22495,15f8b61aa50f3b6a1c4f8a6fa89ac6006fd71946a4239e774e0cdfcbac695c18
thumbnails/IMG_3352.jpg,14840,5ce3bec11bb995a6bca06cc369826c00082b3fa9855dba7cbf508c20a96dc775
thumbnails/IMG_3353.jpg,14640,6e21b5a61aae1eda57465d1d391e0d7ae1c2ce807d014c895ffceaf15ba3945d
thumbnails/IMG_3354.jpg,12421,eb14f3cf195de57e9a8e11d27594086148ec069343a473dbb73f0422a16e1472
thumbnails/IMG_3390.jpg,18860,e4a7bc881a53ac27ceb0cf9d35b731f5d92f60ccf2fcbca7858f16c4ac93ed31
thumbnails/IMG_3391.jpg,20811,5688fdc9a024cbeae9cf06f071f5c41016682b84945d2adfef7457abaafe6ac6
thumbnails/IMG_3392.jpg,18587,e95ad5e2a714e5be112ca89d68e714868f7fa6028504f5dbe97404b9c9ba2a44
thumbnails/IMG_3393.jpg,18462,b9302301bea5d9810c86e20b3e82b03a22418235c3cafbba150779adf364559a
thumbnails/IMG_3394.jpg,23929,73eae20065e057cf356c867b93f8d2f876bda27960f7dc043e94f63b0e72eddd
thumbnails/IMG_3395.jpg,27047,751608e4b1f4771af00681d4d500c78769052c5a9fab73b2f083c581cfb71f9f
thumbnails/IMG_7171.jpg,13287,33e2d8d40b1351c51231d1d95275349636e7f143abb394958938a1f40bd0206e
thumbnails/IMG_7182.jpg,12392,d198379f6a9b79a0284c443c9406825d55ee288fdde38ddcae98b55738f717e2
thumbnails/IMG_7197.jpg,14331,2cbbbd027f800aee15912ec932a289f1efe21dedd38bc27270cbf170e4eddfbb
thumbnails/IMG_7212.jpg,9869,b1ceae67771d332c093e10ceddc06aa1bfc42e03a5c5547d128de067b2abaa68
thumbnails/IMG_7222.jpg,12437,bfe2209f189101427a079a97aad9f780970b56dc94bbc058f5965dfe91af074e
thumbnails/IMG_7223.jpg,12567,fb32811e1373362fd73b0d28e4d0302ec0980e04c1c80afd5f59474632d679ff
thumbnails/IMG_7233.jpg,14422,544457b7cb81aa47c39c878c3157e5a71bab940f9eb4be813e12f93b96438ce2
thumbnails/IMG_7350.jpg,17118,a8ff068abac8a8c25cdfda62483523772be758c6e44600ea1fe5293b422de25f
thumbnails/IMG_7353.jpg,17025,1c606652f9820542c385abaa1f2652781f3ea184aa5828016051577aac74b489
thumbnails/IMG_7356.jpg,15736,eba2dc9b19a27c5be37c0ccfff695e0bd67b592d4b6e8a34323daf6836ce2c3e
thumbnails/IMG_7358.jpg,15419,f7920474864185649353faa8a1024831a487b73e687532174c3bbd438590c36b
thumbnails/IMG_7361.jpg,13834,21498abe1d4ab8ad9a0ab9da189e1758654817c1cf3a581bf5017dcca05e4773
thumbnails/IMG_7371.jpg,12095,6ed0cffa0f5b0a18b935129e43538edd97d26920d2072ef7a78c1a3780045ba1
thumbnails/IMG_8049.jpg,19065,38a71e2e1e5c06428049dbbf7c672cf6561624b644c70229a8bdc6a8b7d3da86
thumbnails/IMG_8050 2.jpg,19694,e5b6ec2c064fe1c40a26cd5a577bfcdb0d0b9637606b1682609c00224c34506f
thumbnails/IMG_8051 2.jpg,20070,49b03e66162ee2d53abc9bc15db80532ccd06bb3d748ad4a9837ca9afba237ca
thumbnails/IMG_8053 2.jpg,18052,79c1e063affbc56abd363f8a7afaa5228fda1a74471fd458a279b596cafe0d13
thumbnails/IMG_8056.jpg,19522,fbec2fff7ddb0d4a827163c391769a5abe5210a8c1e5a1027781de74a2678edb
thumbnails/IMG_8060.jpg,12051,9a03c665aace4a4d02419e4f78900ff9e1d946cce8e5ce7d351bc3dcf4b57ceb
thumbnails/IMG_8071.jpg,12508,60d1073bdf96befa5d08bef8ffe67b7184724de8f2802c6cce2ed36734e2bd53
thumbnails/IMG_8075.jpg,12072,3ffaa0f9c840683fac9755ed269dd434110595ea96691d31d36ed279bb5f2e3c
thumbnails/IMG_8076.jpg,12488,fbd7bcb99ba74d037b0aa49142673db65bb51470523dfa02de7bfed54b643d34
thumbnails/IMG_8077 2.jpg,13516,87859cec8e666aefb1b2879ca1fa07bd7e375bf25fbe040a5ef661a142afe337
thumbnails/IMG_8220.jpg,9086,5367ce4db41b2843aa6b98e7bb4cb08a7b536f758a2c709e54c908cac2b69cef
thumbnails/IMG_8224.jpg,10430,e2176eb61872bf4eee6fe00fc625d204829208a54d3d8a84adb1c99f2a01bb15
thumbnails/IMG_8227.jpg,12599,6fcd27fe5668911353c090b5b248490f22752c3ab1e7b5f3023b4700b47e2c24
thumbnails/IMG_8228.jpg,12348,100638fefa8d8537c61d588fbde476eac2a278a985634e132f1f0de9f6dccaa2
thumbnails/IMG_8231.jpg,8241,c9835f358a9f0c2aa9360673877b66b315a3520c8d0a4dbc663a2447e9ff6a89
thumbnails/IMG_8232.jpg,9570,db29103b39614d855b871b1e824ceb8a640aff944c4f5e0da243a2e9bbdf2ce0
thumbnails/IMG_8246.jpg,12065,d418ab895e3d35cdf0e0d9621615f3078e0b39e2967207628156ff203e17a6e0
thumbnails/IMG_8257.jpg,17564,84d8a8c837d6ac7849822d4fbfd41dd9ad18deb5ed99b216cba031f58bffdc73
thumbnails/IMG_8268.jpg,19659,83edc7862c72491232ae56892430f6cdd4a0b5609ca01f578ed02c3ec27ae4e6
thumbnails/IMG_8270.jpg,10426,651db0ec7edcb6e52b4f863b49527adf121922ba7b47765fcc9dc11547063e4a
thumbnails/IMG_8276.jpg,12363,70195422bf803bf02bab8fe8fbd5d23a8e1435411d6b8d294a6b59b3b29e1b3e
thumbnails/IMG_8283.jpg,13110,0fc10cb71e2e0aed5fe0a7a3a6c5bef1654c95f81a908584e4facd0370903174
thumbnails/IMG_8286.jpg,11428,9bcc2c6190bc55425352470bc75d2c276a35c06804972ec7c40486ec01b156c2
thumbnails/IMG_8307.jpg,12010,e407ab7e44175b279a88d41e77179d279af36e8066a4fc5a650025c917fce949
thumbnails/IMG_8316.jpg,10535,a734568203effdb0b39e1bf12c3e80d64b6b12e6c566d0ca05eab8f45f3eda6e
thumbnails/IMG_8317.jpg,9631,8113ff05cb4ec7f7e053f2ccbd81184b443b1e88c54df02451fe437d815a3d57
thumbnails/IMG_8350.jpg,12284,19618303470fbd482af2253888f033148bd800b31c70cd7dc35f2e519abc4997
thumbnails/IMG_8351.jpg,11982,4343e572e4a2b29c09edc8d91cd9ab38d8476ee3b98bf32b1651876b6d1a1322
thumbnails/IMG_8354.jpg,11040,228bc99375d3d47afbc5049d5a856221800450391295870f6fe701e116ca2c78
thumbnails/IMG_8425.jpg,9607,5e1cc01575f9be50011c4ef933970d59139fb36debcce5713c2e7c7db19711e1
thumbnails/IMG_8432.jpg,9580,1fbd6274e29cf7336a2f803210b180a8a85fef14ea8a339bd5e67b804ee4b2b0
thumbnails/IMG_8444.jpg,14617,62ffbb5908d8ba58952e5390b428ba33f46b6c4f9ca7bc1a62ae5437ed4d45e1
thumbnails/IMG_8445.jpg,20338,3cf4621071075e77bfa463daef862c1a2951b1a66eed27bea21761713c804c05
thumbnails/IMG_8463.jpg,10012,2fd919c1924b7149cf39a7f2aea0ce10dca49021a9d2ca3b2f81110723daccc7
thumbnails/IMG_8465.jpg,9189,f92ad9ee1c2acb305d381a90f88c0472a97528f1cb3be982cb36becba6e0dff9
thumbnails/IMG_8467.jpg,11993,d5478c06cf7d846eb0e35baf81e8ca15819a3fd5023b6ddbfef81a4ef12211b7
thumbnails/IMG_8468.jpg,10238,7a83cdcb99f8fa99a9506ec2058c0d4757b6bfa00619f9ff5a138e7c8776ad63
thumbnails/IMG_8473.jpg,11415,5429f2b8ed9408f44b51b0f8021fa75cad67afcbaa0864d4faef8eb1510aa91c
thumbnails/IMG_8474.jpg,11409,d55bf7580eeb0479803749193dd21dd52fd10a0ee58ed200ec214444b9bacf43
thumbnails/IMG_8475.jpg,11203,07d9069e7b6268303578ab72ac80f227f9c990e2ae941067ef18ebc8078ba7dc
thumbnails/IMG_8478.jpg,9145,560c78e71ad8fbd8caabd9686462fef95a54f14ccb0d9d7a7c1abaa0c35ffd4c
thumbnails/IMG_8479.jpg,9613,abb12f49562eac3387818485563e06fe3b3a21a357c2f6e0d909e30f91ee6eba
thumbnails/IMG_8482.jpg,9847,12c7f31e199a6c9a6f78f70e616f007757047cde2069c194ec50f189d59df1c2
thumbnails/IMG_8483.jpg,10273,681cf6207bf87770180fe652e9367597366e515508cac84e52dd3253df67900b
thumbnails/IMG_8485.jpg,11107,f2691e7706f8734a0299f0540446f8db40f4c2d1dc84f787091a734bd0c0dbd2
thumbnails/IMG_8487.jpg,9086,974397fecb0d70129367114fb336a2838f03ab7bfec4aca12a380e1d39c2570a
thumbnails/IMG_8488.jpg,12878,b7ccf97eb92de77a3e714976db4d02da3aaa030d8d47226a9fd45aab216a6c3a
thumbnails/IMG_8493.jpg,12532,f4e88be106212534534c57008c266f2027eccc154db443b79dd0f9e460595d76
thumbnails/IMG_8494.jpg,11387,e18e848e70e77ac27e0a4a60ea0dbb9ade4f075f5b7142028e357494546a2b8c
thumbnails/IMG_8496.jpg,11282,570fcffb7944344a5522bfccc7a189695607b85b2766afebe1fb92d2e4c05720
thumbnails/IMG_8497.jpg,10676,4f31eb8d82f946e7b559dee473647ed015be4c5f0d8d790d3385818106722948
thumbnails/IMG_8500.jpg,12300,f28bbc8acbadf10a89b4ce2c5c9f26b9d402cf2446052a7c9d5ec40cb008286b
thumbnails/IMG_8521.jpg,8713,e180cf087665b5f1e86d5a13b474e922a7237226b1f6b3d88dd533d534a588a2
thumbnails/IMG_8531.jpg,8949,e356f59a7f1e579a0184b3c09edb677c6471ff0e154645eb160e1613f1f18d9c
thumbnails/a89c63673386452c8a4bb7330dd1876b.jpg,14630,8d36c391a81216b95fc6ec978cd66c6161a37d8d5f476bfdee751619c0cf2f48
thumbnails/ae375138cb714a50b9f6b542d83a6c3d.jpg,13149,859ab6f298bb07ce631428f198c42783362ecc170099d3c7b5c63b29ad9e6aee
thumbnails/ae7f8441b87a4e778f2e964a4c8cf904.jpg,18025,82daa6557938c8cf7053be514ee5960a6f8ba61b9a75b373186cc25208b322cd
thumbnails/b223ee0c230c44449699db56908d78dc.jpg,25255,16cd9e14287e703dd0b602c117877e48b098e528c123213c5a6c50d0a6eb640f
thumbnails/be07e8b329d54c32b985eb667f869dd5.jpg,12135,05d1707e88d3bb2e6de28c54c3b71dd07b62a6b1fc6b2046dc92805f91aed7c4
thumbnails/d8548d9c3efe4858a5a740e87af22794.jpg,10010,d0262f8c998b9ce4343faab3715d48ab6ed3690927d3bc56be19060ace830fbf
thumbnails/dee079dc76944f038d15b699a61a4c8b.jpg,13878,25035509ece41624ed4bc77e4a28bf27e0e39614542b21213b3dc0c060a029e0
thumbnails/f42b72574d994e04ae8fc55608c9ef17.jpg,19471,aa673617431c948b1d509b423110a846c6fb320c5a999f81e78692658e9c1eb7
thumbnails/fc7ee505e8df4164992b9605762d0add.jpg,14005,3b7d2edc401b6e08f110c8b9235223f74083a0d99a1a74813ce5c65661829fb8
thumbnails/filtered-4A3213C3-183A-4E09-83AA-AE0E8C3D01A8.jpg,10547,9f4b47d6ba1f22f8aa832a5576bb4bfc32243c357558032ecff91a9ce2909ab0
thumbnails/filtered-CD3FB1C9-1C22-46F8-8A93-EC186289B85C.jpg,11961,3bc85baeb8b30bb72ef4a0b9d3e0f6886983b6be04eb7104288c90028a418923
thumbnails/filtered-E5FFAC36-5F8B-4519-AF39-079D01BC912E.jpg,9838,41a701f167767e05a602d8be3613f3a8d649431a90fcb8c974fdc1b3e897b350
thumbnails/filtered-E9EF908F-A917-479C-B010-D3899A57316D.jpg,12774,809486cceb44980a16e58caac768167b7bd2572cb6e5b142c0980b25bf0a0b1a
