path,bytes,sha256
VOICE_DATASET_REPORT.md,1541,c7c24c9ab0cdcade0c434be7c0de4284153cb41685e1c750db179c6b268a672a
accepted_segments/clean_mic__IMG_1728_2__f0885724__0001.wav,1944044,96734b6969f8158a77cf34dbbef71c51f67a4cf97e540115e105a5a70f197f6a
accepted_segments/clean_mic__IMG_1728_2__f0885724__0002.wav,1091564,dc3623669452c33d65ed38d9e2b0f3cca6c53abbab93a3af7b2317f726455093
accepted_segments/clean_mic__IMG_1728_2__f0885724__0003.wav,1808684,2ebc4d60ddf3536d644e82bfed106438a161081c0a89ec14a3c9733d7ad3f4b1
accepted_segments/clean_mic__IMG_1728_2__f0885724__0004.wav,1944044,271be16ca65d51bc5d78161c0d4e11bc134eb89b849c8e56eae96208669a0af4
accepted_segments/clean_mic__IMG_1728_2__f0885724__0005.wav,544364,47594b5379951d2bfaec783ecf5ba28bfc4aff73e073e0a25c7ae223e9e7b1d0
accepted_segments/clean_mic__IMG_1728_2__f0885724__0006.wav,1828844,d0eb5d4aaaca9da9a7445acc474edd6fc9448e3df669e48ae064ee9414bbc54c
accepted_segments/clean_mic__IMG_1728_2__f0885724__0007.wav,1846124,f7f7a05692fb67d93b3f6f6c0c4d7b7c737c9a0f3415a14eca7801b7308421fc
accepted_segments/clean_mic__IMG_1728_2__f0885724__0008.wav,1442922,fe3b790181c30db21ca548dd63dd83a6e7519729f4d07819b2499a703bf56701
accepted_segments/clean_mic__IMG_1728_2__f0885724__0009.wav,1903726,2f881df8c1a82a1a964b17951c11b9694365ce9181d59df203b3273d45af3622
accepted_segments/clean_mic__IMG_1728_2__f0885724__0010.wav,1765484,da6ea0280bc0c74d9b7589e8ce0e4d91739a2e943e38a566a59325d04100ddb5
accepted_segments/clean_mic__IMG_1728_2__f0885724__0011.wav,1609964,f1e15dc4380d033a3244c8521af4c6bf97633eff8b7f5a5cfafea99a7e0cbf4e
accepted_segments/clean_mic__IMG_1728_2__f0885724__0014.wav,1100204,3886a45351bfdc29ac638b9a1f3819b621af2c6362c476a89202dd34185ff781
accepted_segments/clean_mic__IMG_1728_2__f0885724__0015.wav,858284,c2cbbb3e8b7448c15a1648f364d9f5828dc246a396bb0a5c7b3203f4cc13c5ee
accepted_segments/clean_mic__IMG_1728_2__f0885724__0016.wav,944684,41afa8afa2c29d962a95847ec5eb04fb757bda7e6990a5c84ed3cde07bb99adf
accepted_segments/clean_mic__IMG_1728_2__f0885724__0017.wav,993646,1dfe751693ed90d95027bcef7fb4da939ef9c98a642fd9b5e8bc17cbf4444fec
accepted_segments/clean_mic__IMG_1728_2__f0885724__0021.wav,653804,e230beaa82292ba1d32ad6a58385729ae23da6ea201fafc3bc60bfb8e970928b
accepted_segments/clean_mic__IMG_1728_2__f0885724__0026.wav,509804,7d7886917b0b406d2280bb842e42df73e70ff26e2342de6701ca28e801a2f09e
accepted_segments/clean_mic__IMG_1728_2__f0885724__0027.wav,570284,09498d50bf4693bd530e18c54783a45e228698303e102a23c4e4d22ab5fa84a3
accepted_segments/clean_mic__IMG_1728_2__f0885724__0028.wav,576044,4374b5d86d4d4a7cac3587d0235e7354986bff7b025284c438f039e4bcb34162
accepted_segments/clean_mic__IMG_1728_2__f0885724__0029.wav,377324,6da0bb1bbf3bf80b5e19f8e76fbaee2d060081a695594b52705d6861d7dd3e34
accepted_segments/clean_mic__IMG_1728_2__f0885724__0030.wav,538602,a398afafd56fe952601b705a2b1d1d4c624dba498564df727175d8ddc93eefa3
accepted_segments/clean_mic__IMG_1728_2__f0885724__0031.wav,377324,26f30faebb591ae4b3296b4bc3bb5b96101fac5c95f002f91e8296780e1bc4dd
accepted_segments/clean_mic__IMG_1728_2__f0885724__0032.wav,630764,7bccb0b3ad6d7fa7e058c35388d5fde9998ac5211105d9cd1b32bee6662cd5e8
accepted_segments/clean_mic__IMG_1728_2__f0885724__0033.wav,483884,f8c8cf8077b9b81e0a54eade4d73862b09f108fbc6293be93b1f6fe9657c86d7
accepted_segments/clean_mic__IMG_1728_2__f0885724__0035.wav,829484,4101557f71edf0789f24e1a6d205abab5e28ab97be69823c2c9f3bc0d69f6b9b
accepted_segments/clean_mic__IMG_1728_2__f0885724__0037.wav,956204,e2abe4c33c09dcc6a1ec8f9df951a5032fad19e6e7eb5e65d03d4b367bef1eac
accepted_segments/clean_mic__IMG_1728_2__f0885724__0038.wav,691244,c4171482ab876fa800c6cb89d29e6305345e4e8faffcfc1bac350a22632039af
accepted_segments/clean_mic__IMG_1728_2__f0885724__0041.wav,446444,8a5f7ececb2e2c4b947eaa0a1cf7e548ae94f29bb13642943cdca4d7eafc2bce
accepted_segments/clean_mic__IMG_1728_2__f0885724__0043.wav,642284,a12784d828ade4cd1f290ba80349bde45ca4d2cc0979c7b967c7285d87461c62
accepted_segments/clean_mic__IMG_1728_2__f0885724__0044.wav,895724,046dfcca3db67284a99ecc1d02b52547787260bef71f58e1d551ee7e0adb2638
accepted_segments/clean_mic__IMG_1728_2__f0885724__0046.wav,492524,3f23256a848f11a70396edaa8551d719ecec0e697b53a975eaacc1439d63288d
accepted_segments/clean_mic__IMG_1728_2__f0885724__0047.wav,616364,96b16e01662edbc54b9be63562550450ea0467ee60a0d152b3c632eb77f2cff5
accepted_segments/clean_mic__IMG_1728_2__f0885724__0048.wav,394604,fcbddf0dcc8ed3a3cbe693fda6756a63797692d69e344a8b318c5eeb6916aeda
accepted_segments/clean_mic__IMG_1728_2__f0885724__0050.wav,601964,ee78aafcb09b0b419f395589de921bc093ebdbc49fa461c1ece3b2aa1513c2bc
accepted_segments/clean_mic__IMG_1728_2__f0885724__0051.wav,351404,feaadefee600790c078105e4d87d1109952b683058e01e1506fb114565f48be3
accepted_segments/clean_mic__IMG_1728_2__f0885724__0052.wav,452204,7df6928e26e448386ba2022f50b34d30567b7b0ef3e7a6a135bd10755e6e731d
accepted_segments/clean_mic__IMG_1728_2__f0885724__0053.wav,999404,547eb7af5321079a70102e51e696b652828824a99e8fdb575fe29a568df14ad6
accepted_segments/clean_mic__IMG_1728_2__f0885724__0054.wav,1880684,1872987998e5810b625104d68b897903b87f02212daf267ed5eab80019932378
accepted_segments/clean_mic__IMG_1728_2__f0885724__0055.wav,383086,8d38657ed4c0b8181014eb512e1f0006a9b863741a095b9c8935c8f7f94854a9
accepted_segments/clean_mic__IMG_1728_2__f0885724__0056.wav,388844,d4b6972f724aa1b3ed60fc55a467388698816aad671f8acdf1132cc777a580a3
accepted_segments/clean_mic__IMG_1728_2__f0885724__0065.wav,973484,32d84c50f3e2e4e2ea2b0fe809859aef39d9b74c3ee7b466fc63ebaba097632f
accepted_segments/clean_mic__IMG_1728_2__f0885724__0066.wav,1068524,9dfe3abb2c26adce21fdaa285a25253670de8506d23e60891d41fb21dda197be
accepted_segments/clean_mic__IMG_1728_2__f0885724__0068.wav,1800044,266121525a0a51da695ded0c9b7ebddffc4bbb7a0dbe4ebd7c3b12cc2c1447ca
accepted_segments/clean_mic__IMG_1728_2__f0885724__0069.wav,1474604,cab29a55c6d44574d54a4b3692be2b33152f4b07d4e648a644537ac59b57a997
accepted_segments/clean_mic__IMG_1728_2__f0885724__0070.wav,1756844,a94cbda9015bf654564425adc22fb068a172d0489aee3229778be2e5f777bd2d
accepted_segments/clean_mic__IMG_1728_2__f0885724__0071.wav,1019564,7a21116a062db92894ee5d0ea518efc3d2b05cf66e43d93d93d4e5692feb4d7b
accepted_segments/clean_mic__IMG_1728_2__f0885724__0073.wav,1261484,3e60ce225b5c1700f8ea37bac725ad956165023052ab2762bb828dd1e3b1e580
accepted_segments/clean_mic__IMG_1728_2__f0885724__0074.wav,927404,05b539221839efb5b7834bec262616b94136050e03085d2009c63a806020cc0f
accepted_segments/clean_mic__IMG_1728_2__f0885724__0076.wav,1733804,efa9fd22bdcfe87e2f96592f7824befa8020b8667a87293cb86f23ecd93d2436
accepted_segments/clean_mic__IMG_1728_2__f0885724__0077.wav,1451564,b736a7399deac1fc8d1467b41e507273344096edbe3c4450eaceaa68601ddb24
accepted_segments/clean_mic__IMG_1728_2__f0885724__0078.wav,1702124,d9954e72439d2dd23c70bec83fd8d9c447303218c936bae4bb8bc324e287a1eb
accepted_segments/clean_mic__IMG_1728_2__f0885724__0079.wav,1705004,8b5af5849dc18e602cbb050b821f6d558f00f744c5f0f836c3b827ccd32709b9
accepted_segments/clean_mic__IMG_1728_2__f0885724__0080.wav,385964,3acfff85b48936e38b3553a2db2079679b89991ea90fccca6863a8b3344d6eb7
accepted_segments/clean_mic__IMG_1728_2__f0885724__0081.wav,757484,8dab297ccc91af108089a89bf99640697bcc6cb0ccf3009b69ef7e5a16aabc67
accepted_segments/clean_mic__IMG_1728_2__f0885724__0091.wav,1728044,5723fb8d0191ce52a5c17cf3649d259ee5e0b56a487a6aa6c0e795b72b4a42cd
accepted_segments/clean_mic__IMG_1728_2__f0885724__0092.wav,1535084,be3bab0cb3f55e987041d2b75cc39512f1eb5028f2d539ac0525c6cb7cccf7bc
accepted_segments/clean_mic__IMG_1728_2__f0885724__0093.wav,1033964,3ad97c1562c8afd35b59c9d39d42abc4305ed3bc3e229b099ce183b3b3a21b43
accepted_segments/clean_mic__IMG_1728_2__f0885724__0094.wav,1641644,fe9f5426398f3bda96cae17558e27f8893bc7bc994c421bc150c10f7b4feadee
accepted_segments/clean_mic__IMG_1728_2__f0885724__0097.wav,1684844,7f8209d48ee4d7bf3da605f76c8d9f6f9917774dbd44a0e723a6fe3cccd99f21
accepted_segments/clean_mic__IMG_1728_2__f0885724__0098.wav,645164,937861cb9629abc239aa06f765fb38553183847d7843c1e689ef794543db4950
accepted_segments/clean_mic__IMG_1728_2__f0885724__0099.wav,1512044,93e8a06a066d81022ba58aa2201433b4669c104265a2864423153918859c7743
accepted_segments/clean_mic__IMG_1728_2__f0885724__0101.wav,1399724,056731b298b9d327de586ce307fb09fffc4ca0777fed52631bedc68d36c70e3f
accepted_segments/clean_mic__IMG_1728_2__f0885724__0102.wav,584684,6e96f080cffd036aff872b8966b24aea76b80a973f0bde8617f4fc7467002734
accepted_segments/clean_mic__IMG_1728_2__f0885724__0103.wav,659564,4a9ea91ed4629f40276ffa1bbb7af92d4b931661d1cc14d1a84a12fffd5ae3cd
accepted_segments/clean_mic__IMG_1728_2__f0885724__0104.wav,1595564,86211e467a3436a8aac6c5d0e3e371c95549b485031e9eae033703065a2b0755
accepted_segments/clean_mic__IMG_1728_2__f0885724__0105.wav,1353642,b25e2094a293caef0b7a960f4673352490dd751f1d8f0e5a95eb79fc9a3dc3a6
accepted_segments/clean_mic__IMG_1728_2__f0885724__0106.wav,1379562,aaaa1cda3ca215b2d18469b60875e4a487156c95ac7bb82f61067c253514c062
accepted_segments/clean_mic__IMG_1728_2__f0885724__0107.wav,1126124,89788ffdeeb45ba3b097dbac19fc526e20522fd5ffe491089ac27a31861ebf38
accepted_segments/clean_mic__IMG_1728_2__f0885724__0108.wav,815086,71bb2a003e369359890d873a7568ebefab30990dabccf4ce9293df7c693eb8bd
accepted_segments/clean_mic__IMG_1728_2__f0885724__0110.wav,1808684,8c458131052939382bd8d8bbc904c985bf0d24c700425c1610bf77ac311b41a6
accepted_segments/clean_mic__IMG_1728_2__f0885724__0112.wav,1926762,fd48c946c8c293b1ef428e762f465144a24a85335dfb547e83cce624ec70ccea
accepted_segments/clean_mic__IMG_1728_2__f0885724__0113.wav,544364,bf375db8aa06936f04929dbece63b872c93546c070dcb216ccd7b5ef4d4c615d
accepted_segments/clean_mic__IMG_1728_2__f0885724__0114.wav,1759724,34d494617272e591c478d996d8fb62dd9f6e0f2166bf847948dbde4a73657d3d
accepted_segments/clean_mic__IMG_1728_2__f0885724__0115.wav,783406,a65a6bfed95e84dc6fd7f818190326d9d14a21d8bf43834f99145872d7e6779a
accepted_segments/clean_mic__IMG_1728_2__f0885724__0122.wav,841004,3c6a4b297cd9bf86fb1a42521f44cb99b203946fa7932b4ae35d60f3de05ceb3
accepted_segments/clean_mic__IMG_1728_2__f0885724__0123.wav,1598444,eed94918e0a34bc9349749c5bc794b5dbdeee92c146a2cc538d5f4ccdeeda6d1
accepted_segments/clean_mic__IMG_1728_2__f0885724__0124.wav,455084,672b65c47f81f12aa5fc0d79e9988026c2ed946169f60f7f149105781135ace0
accepted_segments/clean_mic__IMG_1728_2__f0885724__0125.wav,823722,3420514e6b53161bc9cbcfe5e825c17adb902d42761840043d0e7b97fb17510e
accepted_segments/clean_mic__IMG_1728_2__f0885724__0127.wav,861164,0b5265a480863bc67cbb7fd1e6521217a8180ef26908f5e885ee5938cdee3f76
accepted_segments/clean_mic__IMG_1728_2__f0885724__0128.wav,1448684,f23db462eb42ef5b3c9f86c505d42b252c48aafcfdd7d6a4aa21f69c07e591e4
accepted_segments/clean_mic__IMG_1728_2__f0885724__0130.wav,1376684,cd78c5f08fe6acfe4d312db6950e70145a32a4c06c146c28ec9e3f47903ded03
accepted_segments/clean_mic__IMG_1728_2__f0885724__0131.wav,725804,20e2413ba2780892467dfecbd4ec6db5db891c6e4c3b8961c77965cc35b0c96c
accepted_segments/clean_mic__IMG_1728_2__f0885724__0132.wav,1342124,e8e34c4d2302e61f572bd69ce1b3cee37015352fa169e07141d04a8708700c4d
accepted_segments/clean_mic__IMG_1728_2__f0885724__0133.wav,691244,e30937c36c675e6362b3a67c3613544e5353f1e4a7335b02be24a19cf5a3dd0b
accepted_segments/clean_mic__IMG_1728_2__f0885724__0134.wav,1212526,87e82419437948b1e6141931a573b786119cb093141f7d17d2f288326a13ef0c
accepted_segments/clean_mic__IMG_1728_2__f0885724__0135.wav,866924,1a32da84f26912f8a3c82003d2fae0fbe4b1d7043aa4333955e9a7b843fa3588
accepted_segments/clean_mic__IMG_1728_2__f0885724__0136.wav,1808684,f6b1342b99d8b8e87a31350e9b1896bef99c15ab5f2194afba7d749acb32d0e1
accepted_segments/clean_mic__IMG_1728_2__f0885724__0137.wav,809324,9519720bc6169a28447305708a0e1d59ef3f51210439ad1bbe9259832247fcd6
accepted_segments/clean_mic__IMG_1728_2__f0885724__0138.wav,720044,72ff2d483f769c47c827ad8f5e8cb340430f1317ad1dbafab35b2bd1bb0f374c
accepted_segments/clean_mic__IMG_1728_2__f0885724__0140.wav,1814444,0f443647fc9d792e86053ba8e5f07424fba82430317e4a2e986c0c5be25df44e
accepted_segments/clean_mic__IMG_1728_2__f0885724__0141.wav,501164,3cf99401b62d1b21b978336a47bcb37f860c9de29765dc5d89a16569dab4bb01
accepted_segments/clean_mic__IMG_1728_2__f0885724__0142.wav,1097324,097342a674301f69708ace2230db23e7513a981b11dc6c6327508e3449f6e9e7
accepted_segments/clean_mic__IMG_1728_2__f0885724__0143.wav,913004,3aeba9727224b826c1642f27c562b4e92a64746d23232236d3ff21d5bbfc7959
accepted_segments/clean_mic__IMG_1728_2__f0885724__0144.wav,1180844,b6f2e0acec5eac1e4811b23fffc9cf873aad7ce1fda20727c82997fbe9dfff0e
accepted_segments/clean_mic__IMG_1728_2__f0885724__0145.wav,1903724,77a1b07f66160aa341c1677b11b6e1faf63aaa6d5404466776ccd863b2d864fe
accepted_segments/clean_mic__IMG_1728_2__f0885724__0146.wav,1647404,acf59580184735195e6fb11f67ab810320f45c9bd9f8efa3ba586c22d426f802
accepted_segments/clean_mic__IMG_1728_2__f0885724__0147.wav,985004,40293b8ac870e749af621acbfeb7d50cfcc06c016b6da36b5c7a96943e263556
accepted_segments/clean_mic__IMG_1728_2__f0885724__0148.wav,1872044,62b60c4b552240bceed7338a7c84ba1ee5f40a5c344069efc3eca210ca926ac4
accepted_segments/clean_mic__IMG_1728_2__f0885724__0149.wav,385964,8e68b8097997b2b080796bb4d48ec65d83ae80202262a82b118014399f639ec6
accepted_segments/clean_mic__IMG_1728_2__f0885724__0151.wav,913004,f624d7863d27ccf923f2c12193366128d2ac8438f0dfa67b271dad6aa84bb3c8
accepted_segments/clean_mic__IMG_1728_2__f0885724__0152.wav,1946924,59b50b7dfde7a203c42c618854d1cde5b2179c8e6420e51f13413df185e3ca93
accepted_segments/clean_mic__IMG_1728_2__f0885724__0153.wav,777644,c8632266cb726fdd1424d547b0e221fbf12688b4f8e15591922f743938a9a818
accepted_segments/clean_mic__IMG_1728_2__f0885724__0154.wav,748844,cda370eb937e78cba8a248d6032389017363d6577ed8a7d5eec4ed13b54f88b2
accepted_segments/clean_mic__IMG_1728_2__f0885724__0155.wav,1722284,eb387ed96b212f45929d9f47ef36d6b002d346f4ca1a24324fbb9ac72dad2489
accepted_segments/clean_mic__IMG_1728_2__f0885724__0156.wav,985004,5008deaa31dd33c826d85c9661bff93bc3e1764097de2125d59325870055a8fb
accepted_segments/clean_mic__IMG_1728_2__f0885724__0157.wav,1575404,f26b9423cd33b513a73bb875d81595710e0ff968c74b53989a0ebc1dbf425491
accepted_segments/clean_mic__IMG_1728_2__f0885724__0158.wav,429164,165c9fba392b24591b82b43374162ad57da201d56aac290cd8eb942389305648
accepted_segments/clean_mic__IMG_1728_2__f0885724__0159.wav,443564,aeb022151d608b97bdfdcb557bb9065cf32b9f65432052c396b78da36d5e74f1
accepted_segments/clean_mic__IMG_1728_2__f0885724__0160.wav,1633004,fedebbc7d0f40fa44ded53bf27bbff030c033c7f89ae1ffd0734c8526013e66e
accepted_segments/clean_mic__IMG_1728_2__f0885724__0162.wav,1834604,697ce9df5c7edfe32caf6f9b249cfab011686aa8eddfe01f3f0e8abac9d28e6e
accepted_segments/clean_mic__IMG_1728_2__f0885724__0163.wav,1186604,a58e30cf27be383e5f1c799f709e05dd068ae04a0f68111199780fa33705e6bc
accepted_segments/clean_mic__IMG_1728_2__f0885724__0164.wav,1751084,0d785796f80474fab20184280650add7583b5de3ac7ee5679657b76c25c5b6c9
accepted_segments/clean_mic__IMG_1728_2__f0885724__0165.wav,1624364,3005a9b08e9a364dbc0285d5148a9dab2ffd580d03b964882dc7a5147a992234
accepted_segments/clean_mic__IMG_1728_2__f0885724__0166.wav,1108844,3d73f710acb41b1e9bedbd1a445bbc559bad5e5edeead72c69ec44a8498712c2
accepted_segments/new_raw__IMG_6108__26cb7e79__0001.wav,1457990,8db5e26ae55b02d05b535be9c3a559fa7faaa71cc00357621f593a12afd3f5cc
accepted_segments/new_raw__IMG_6113__29e09770__0001.wav,865286,a6f9dce43d99510480a87c90b03abdbc871bab18d5214e112627f014a3231fa5
accepted_segments/new_raw__IMG_7171__a22ae23d__0001.wav,293750,19f59a2a0b08d26af712c7028783f605f6298e26c8d587be9ac930957658fc18
accepted_segments/new_raw__IMG_7188__800c891e__0001.wav,1083562,af09d09f493dd796de0ff942b5f8a0b15d4c57f44d15086096531dc54a54b0c2
accepted_segments/new_raw__IMG_7191__ce55d04f__0001.wav,1415654,6df9520f1a3e9085654981bfe9bbe79ca38cd00805ed7ec2da83beda557bff01
accepted_segments/new_raw__IMG_7191__ce55d04f__0002.wav,722402,2250e0eed16a359c92a6a94b5e200ca682f0128728d6bee2bda73dd847afcabe
accepted_segments/new_raw__IMG_7197__b1fca9ca__0001.wav,333440,34e3a37d595fb6e2769e13e637a9ae6eb2c554998bb0b3db424c1f0e420e76a4
accepted_segments/new_raw__IMG_7212__01666b86__0001.wav,799136,2024e92fe7d0c5d0a01d6f72293b2f7a124312ae2f36b472306b4ea4e3153eff
accepted_segments/new_raw__IMG_7222__ee990267__0001.wav,751508,3258dc6e020f9775e21b7002dd2fd6a252116164c7e1c79055b88efd100958cc
accepted_segments/new_raw__IMG_7233__f83667fc__0001.wav,1413008,45d16334aa1911b10ee197f7041e59be8775fa4be8428d0962b1e5a46ecad9ff
accepted_segments/new_raw__IMG_7350__e9aa1624__0001.wav,547766,c9e370bb147c9fb80a8a35ff6131749c966fd6db415293f601db3d60d113009c
accepted_segments/new_raw__IMG_7353__55cfd02d__0001.wav,386360,ccbe50f3189aa97dab16d0571e8ee6cf8273ded20a84598ac23c3290babe328f
accepted_segments/new_raw__IMG_7356__f3ed3d6c__0001.wav,1156346,23dee3423cd0e926b97343138348328df242fbc05e6145e50b3740300d81677b
accepted_segments/new_raw__IMG_7358__cf342f31__0001.wav,508076,0aed2d64dc7bf879c86f7d6fcccc92e9d15d4d958c7038c180a570dd880ac938
accepted_segments/new_raw__IMG_7366__a92def6d__0001.wav,897038,6b4d56f199bdb0b4eab9d8e34524ff2c0456ff03ef8971f29fab82fce7dcb1cc
accepted_segments/new_raw__IMG_7369__3ff7cd4d__0001.wav,1180160,2ee98b2bab069ba18089edf2ec7ea9716c636c50dd8f3a19142e5c438bca8bdb
accepted_segments/new_raw__IMG_7371__776c1947__0001.wav,1717298,dbd22c02558e055f4fa37dba8bcaef40ff85633fbd5e6c2d0e0327bd61ae2be2
accepted_segments/new_raw__IMG_8049__57101fa4__0001.wav,767382,063a105a0cbc08f9d26bc4ac9e5da28df97b34806c3e6c2127e714369906bcaf
accepted_segments/new_raw__IMG_8050_2__874e1129__0001.wav,592748,dc14ffff4ca410f105b5e6ab8e3d1fd3616ace8cb5f3a4da4babd11f0c57d3b7
accepted_segments/new_raw__IMG_8051_2__3001f214__0001.wav,717110,ae87c410313e70033d6c9a692469483f4190e10742e048a09b6b423933c1503a
accepted_segments/new_raw__IMG_8053_2__46c9e0e6__0001.wav,579518,cf8542a4932eb5dfe77a339a1a1c2476028ed8f80d8e1028d57cf835253c7311
accepted_segments/new_raw__IMG_8056__f053dfa4__0001.wav,616562,585ecab7ae09a068ee2796569341e33547203439f592d7d0cc38c38a4ff77428
accepted_segments/new_raw__IMG_8060__fbad6144__0001.wav,592748,d943e59b05c8799aa09e84c00bcdff244360e6449f0ba29da8022e973b00e77f
accepted_segments/new_raw__IMG_8071__06e9a959__0001.wav,433988,8d274372df4b6b498ede73ef6b5b04bff71e925a0ab21750c1466a288e50a621
accepted_segments/new_raw__IMG_8075__2dcdcdd7__0001.wav,1211912,859aee5e2a00563d367fcaf5bbbcedac8334ec01d8576fe74bb2e25be0e8113c
accepted_segments/new_raw__IMG_8076__2c11c2b1__0001.wav,783260,1f6dc274ccbce94e5f879049a9ec5c324e71277e176685a8c951d66bf4506ed7
accepted_segments/new_raw__IMG_8077_2__7f9e36ca__0001.wav,772676,6ab8b09a55f13974393c5dbc7e414d02bbdd4d503ab9915197964f3ee1d422c9
accepted_segments/new_raw__IMG_8077_2__7f9e36ca__0003.wav,463094,6887276d02d1d59050fbf0e50c684a30e3ba6f63cd9d197b92cf4f4d65401822
accepted_segments/new_raw__IMG_8077_2__7f9e36ca__0007.wav,510722,066777c6345f88d4ee81609ba55c4045d059cfb98fc07c27e03db160fd40474a
accepted_segments/new_raw__IMG_8077_2__7f9e36ca__0009.wav,426050,db43db092170342af205e8990f7571d6799c7465cbfcfef8f7378738d992d57a
accepted_segments/new_raw__IMG_8077_2__7f9e36ca__0012.wav,1098136,31c0c913ef02680dddab18c817b2628a0ec029140c17e3b6a3f98fd52f9eefe3
accepted_segments/new_raw__IMG_8077_2__7f9e36ca__0017.wav,412820,2817da4e98a5bb780ae5f1ca7d03d6bf032a1a9b1296c41f27a3ed579063e612
accepted_segments/new_raw__IMG_8077_2__7f9e36ca__0022.wav,571580,3a52c67e092950549c2e37a9d394e0bfd2dc903dfbc4c35ccef87fad9914f209
accepted_segments/new_raw__IMG_8077_2__7f9e36ca__0024.wav,471032,4e15e7d5a17ec26f72fbb9aac6e84d2d0e0b7b9be5ee5a236543b115e06b2d8f
accepted_segments/new_raw__IMG_8077_2__7f9e36ca__0026.wav,410174,0d4387a5fb19c8985f4deab70e82d2e45978218f8cde71ceab05e7aa3c97c8c3
accepted_segments/new_raw__IMG_8220__84e31539__0001.wav,354606,8204ef4696bb729af6b3136dedc846f8aa854274ea1effe0525955cf673aac75
accepted_segments/new_raw__IMG_8227__efa3c20c__0001.wav,328148,c3090924074c5c44fa5e99e2b7224a64b1b55dc90de4fa4aadd3b6cd4c290d8a
accepted_segments/new_raw__IMG_8228__deb8170c__0001.wav,314918,40f71ae85152beed7b8a7f8de6f696e3adec9c6da59d3f83c3894602fece2ced
accepted_segments/new_raw__IMG_8231__a09fad8c__0001.wav,553058,4f2e0637022f2cf0dae5baa7fd45a9def080e99fb20234ece31aa9451bb9b5f2
accepted_segments/new_raw__IMG_8232__081bd34e__0001.wav,694178,e7d323db80e61a66fdb5ed90215e370ca616d2840d68b9b3d17dc63ce096fd00
accepted_segments/new_raw__IMG_8246__6ba14c43__0001.wav,391652,d2cb50a7acbed58eeb235c99427522c21f9cdd1dec550a32914f2031ecbb3620
accepted_segments/new_raw__IMG_8257__a6466114__0001.wav,418112,9c85b39fedd6a8f88e85ad11e6deac72c957f43ea21e6eedbe56f20a0067bc90
accepted_segments/new_raw__IMG_8268__160c67ed__0001.wav,330794,cd41a1e2f6a1b0f4c628997708cda3ed47470f17643b0b79a663e98f493486a2
accepted_segments/new_raw__IMG_8270__2c032c9f__0001.wav,328148,3e8e59a54c42a2aef84f76aaebf48fa72575f3c3ee671b53cc2a1ce887b68a55
accepted_segments/new_raw__IMG_8271__20efa5ad__0001.wav,486906,6ccb680a728855d7161d3942f14daed4877aecacaefb71d6685eaf531b046ca4
accepted_segments/new_raw__IMG_8283__25748d12__0001.wav,436634,9fbe87e0666713987daa9252d4df9e0958fea9a0b5e65d090477fac9e140ecc0
accepted_segments/new_raw__IMG_8286__7d567a86__0001.wav,328148,cbfeff180580ca77e36f2d04077bc15946a30cd59dc443547e0ea3ec80fa65ed
accepted_segments/new_raw__IMG_8307__2476911e__0001.wav,328148,8a26f6c2a45ee3ed4aa61d3f486f919a9a1b661b2f508bced37fa1ef85e39777
accepted_segments/new_raw__IMG_8307__2476911e__0002.wav,952606,8b209f2129fd56a1ca0315b78765bd6b6916758cde2db06e92b8e4f4897de5e5
accepted_segments/new_raw__IMG_8307__2476911e__0003.wav,402238,e34ae97ada74e2dd6a8cfc0ac4eb85cd88dcacd55128132e1ac66a21b120c0e1
accepted_segments/new_raw__IMG_8307__2476911e__0005.wav,402236,03a974615e5c490967e252525b0a351b0f846d8b86242e7def356c98a1f03aa5
accepted_segments/new_raw__IMG_8307__2476911e__0012.wav,531890,bae042bf43bdd360a71dad8bacaa6dda17ca35d3e677beb5932f9629ed757b33
accepted_segments/new_raw__IMG_8316__1240eded__0004.wav,1447406,723add82ef52a1cbab08b3dbd04d0e7a0587aafe737bb40f8918d4f618de580d
accepted_segments/new_raw__IMG_8316__1240eded__0006.wav,1203974,e80135f9689a27a7b7a42e85f2a7afad2bdde66920f0cd4cd5b0e17c0b2c48c8
accepted_segments/new_raw__IMG_8316__1240eded__0007.wav,624500,bc100671704fc2edff949abcc02f2d8041cc485d3c385025d4a28d3247f32d5c
accepted_segments/new_raw__IMG_8317__8e9475fa__0001.wav,560996,b0cfdc9e77349adfb448ccf456e2c7d01820d29ef9e1eceb38d5e9e890d028a3
accepted_segments/new_raw__IMG_8324__621124ad__0001.wav,1196036,8a5ef81af2d4cf58515a75a58ea29e2787684f9a3982a977e2ed60aa1f9035f1
accepted_segments/new_raw__IMG_8324__621124ad__0004.wav,1540016,4e385bf3252530a7b369dedfcb94f93ce5815babb43089436ee2f13286808220
accepted_segments/new_raw__IMG_8324__621124ad__0010.wav,410174,30cb9af6becdde7d5ba1079b574050f47bfaceb692dcdfaa9d8ce439bc9b48b0
accepted_segments/new_raw__IMG_8324__621124ad__0013.wav,566288,a90a2dd58f0e17908eb6127a7e968709ff241de3147843a7048f72b02e5f7a05
accepted_segments/new_raw__IMG_8324__621124ad__0016.wav,1471220,60fe74cc71064095894903ac73066a069fb62467e58b35a771259556f3b1205c
accepted_segments/new_raw__IMG_8336__7052b290__0001.wav,410174,337daa5bb68ef75b6cc209c48011a788ced82e5259f7bda27a3b00048396a836
accepted_segments/new_raw__IMG_8336__7052b290__0002.wav,669482,456a785ebce6d4a5c2510e46629a1aba79c3c4f4b057606bf0a50e3a21719d72
accepted_segments/new_raw__IMG_8336__7052b290__0004.wav,314918,cb3333934c068adc027f8d1974539ae93da002c45f6a01c05ab20226d3b71043
accepted_segments/new_raw__IMG_8336__7052b290__0005.wav,375776,1a0899438e2716818d81e3e4df8c7a310d4b9dff0ee9ad4962c7a69f569b598a
accepted_segments/new_raw__IMG_8350__57a5a57d__0001.wav,473678,85edd4dbcb8fb36d24d2306cd0957335c91d25e1a6f240d0fafd3255936b03c4
accepted_segments/new_raw__IMG_8351__c1db7b40__0001.wav,725048,f6eeb63011cf6bd6f4c0ea28e0b45b7ecc637996cc6d0ba951a5f37c41f8390d
accepted_segments/new_raw__IMG_8354__90b5615d__0001.wav,471032,1d681601cd25c055b43bebedc58ce8c33140b36ef7ad096d475dc4e66247bb66
accepted_segments/new_raw__IMG_8356__7b1d13f4__0001.wav,299042,9b2be14b0271e4277ca2d87e8b2ab71b9ba8d9453fc27aff1a9566151977d255
accepted_segments/new_raw__IMG_8363__ff7d3c24__0001.wav,304334,c3ff34931c4f77079df7f177ac8d441d68ef87e2feade8add3b950b0e5a9e646
accepted_segments/new_raw__IMG_8368__822607bf__0001.wav,1278062,f955a3fe363886fef19987a7b7746cf8459817e7eabfed565095612437c013ef
accepted_segments/new_raw__IMG_8413__c4a34286__0001.wav,403372,eb39b0320f6b5ee025de3e9720ca3c8c1f2281e782bcd092fea18a4ce3eca1cc
accepted_segments/new_raw__IMG_8416__0770269b__0001.wav,344024,4ed47c9ddf5dfe8cfd64fbd9ecef0a5d9755b050d768df2f32f2f99dd6c2d92a
accepted_segments/new_raw__IMG_8432__3414d5eb__0001.wav,354606,c8ce25e8f518b7e24bef83038bfe4f6b6bfcdb60973b92e93144819c3041ec5b
accepted_segments/new_raw__IMG_8463__cf2d719a__0001.wav,375776,718181363b7eb28d8aa942ab2199c993c3b6e5e42d709070fa2613597c577ef5
accepted_segments/new_raw__IMG_8465__2ae6805d__0001.wav,389006,dcf24c0aa943fcbf2bfd4969bee2af3fc0273ac0272b46a7546f99715b975c97
accepted_segments/new_raw__IMG_8467__7ac7532e__0001.wav,312272,d6242705aef70b42a8549e6f4b43fff1845ff1e6177f8cdc7e8de5445fdb8c56
accepted_segments/new_raw__IMG_8473__f9eef75c__0001.wav,383712,d2a43cf006c4c0e0e96f5e7d49c81fa2dd92e4ea4004120b5e0c852c62255c2d
accepted_segments/new_raw__IMG_8478__864f698b__0001.wav,370484,927e97a3fe44c272b24dedb16b3ed95386f9a760bd4ff4dc5a143494743d01e7
accepted_segments/new_raw__IMG_8482__6c0a9f61__0001.wav,301688,b023f6a47733ae0626a1b5d6cad485b57bc991d7961386e1d05feba8889dc47d
accepted_segments/new_raw__IMG_8483__f2c6ed35__0001.wav,558350,428092f825dd3391332a57efd380024fc53a5fb529dd2eae4f9d3c62922f3fe3
accepted_segments/new_raw__IMG_8493__03ff721c__0001.wav,539828,17ffad98f715e92a61c989804142861fc27c57a8b27c0b17ec6934539aed519b
accepted_segments/new_raw__IMG_8494__f70ade43__0001.wav,322856,b080c22e621b979c4b42a6855d9ee349a7eda4a349c31f58f1c7e8ed63e753b1
accepted_segments/new_raw__IMG_8496__1dcb99cb__0001.wav,365192,5f90404da9c08524e5a41077740d8de49f98f9ec8d91d2574a1bfa4556759686
accepted_segments/new_raw__IMG_8497__c301bf45__0001.wav,428696,6465e7d70decd1ee5ef6da9b634e696a2ac54aaa14de492f4bbb37097b551b91
accepted_segments/new_raw__IMG_8513__5cf0b767__0001.wav,293750,f5be29bc97fc65bb8a571f174bee9f470af51776968c0b0bf5614eafbff13ac9
accepted_segments/new_raw__IMG_8522__af0ecad9__0001.wav,373130,c3437acc87e8e950e7a6a2a69e18a808e941f8ba9d8467fca9356619a941be22
accepted_segments/new_raw__IMG_8531__e7433dba__0001.wav,357252,d4cd4a3e66a4f337204039e7ecec88a9011eee7b464d70597fa7883e9a8ae7aa
accepted_segments/raw_phone__10-_2__db033850__0001.wav,1805802,bd6d9bb240272d7fa496a2c82261de9d1e87705bb7b47328eed0ff43e48af837
accepted_segments/raw_phone__184416__be46b8d1__0001.wav,1063736,79762d36a2f66ca3f9b4953eb6eaa4f4463cf91e9a6f6baaaaf77e06bd8cdf6c
accepted_segments/raw_phone__184416__be46b8d1__0002.wav,1495034,c2300b9b0b2322edb9ef02972ce9f2928fa876e792daa7759b74b9af95051239
accepted_segments/raw_phone__184416__be46b8d1__0003.wav,1304522,1840aa5b9eb6f3931ebfc10cb94a105c4a35438896ac3d351926875f96a01601
accepted_segments/raw_phone__184416__be46b8d1__0004.wav,939374,b90b870f2b5334efbe1ce028dcf3f41a160a81b5fc22861e8200ac47b69b07b5
accepted_segments/raw_phone__184416__be46b8d1__0005.wav,854700,f7a365559a49e500e7ddf3bf88e3b765c9704f202bca1c192f6622e47341203b
accepted_segments/raw_phone__IMG_0022__1627f89d__0001.wav,489554,348561e98c07c3b1f23d286a0bb7637dfb52d2ffc54a7e51bd470483ebcdf51f
accepted_segments/raw_phone__IMG_0023__f65c1e5c__0001.wav,293750,0a09111e916778103a714e26a96dc03a2770faadcc8d00cd190e2c43ffd946ff
accepted_segments/raw_phone__IMG_0030__68988135__0001.wav,341378,be72ab671ec3ede30a80cfdcb1b7412d73a0493df6f3b997345d5b676032998f
accepted_segments/raw_phone__IMG_0033__bf028ff9__0001.wav,293750,2bc0a1c680d8a471a9b7567a5901c6e837b282d4476f86c7ce1e149a0a1f0d71
accepted_segments/raw_phone__IMG_0075__0ca071d3__0001.wav,330794,8969ae8434570ad240a5aee6db299b1b75d685c6e27b32d40fdce1f5c7f6fe06
accepted_segments/raw_phone__IMG_0076__1103a656__0001.wav,386360,fb77ee3c3e869a8497efd4f2be9e05631b416196199d03a408e64f7a0f4605c2
accepted_segments/raw_phone__IMG_0082__682aaebf__0001.wav,381068,617b97a182e85d98e6f87ffdf43a0c58b363c4374c9cc772a1c7bf30675ba859
accepted_segments/raw_phone__IMG_0087__634f4b28__0001.wav,386360,86a671eed60129ed89ae4efdeda2fcf3dfd351465ab5cac5d0aece9ac4fa5c60
accepted_segments/raw_phone__IMG_0098__9a9ce210__0001.wav,386360,bd8770a9e19ef8b43eb4ceadd2a62ea6af1a4970db768b38877a6602bf0ba720
accepted_segments/raw_phone__IMG_0099__7addd2dd__0001.wav,494846,eeafcc4630b3d1223d1541a7d15cdeffbf6c5d87529459da8cf50aecd0fd64d7
accepted_segments/raw_phone__IMG_0100__9d405fdf__0001.wav,277874,7f090df819d36148513624d03208caa5e2ae5f29f9167337287a51808c997320
accepted_segments/raw_phone__IMG_0102__13c82a69__0001.wav,433988,06fdba80a7b6dab32d83410f9b8cdd69d9f9aa6f1867530a7d4817c3eaf4e83d
accepted_segments/raw_phone__IMG_0156__9f0c7606__0001.wav,365192,74e238a13a18a925ff4023c971428e2e11477309bae38b8c9b1efe18383cd91f
accepted_segments/raw_phone__IMG_0159__a8ad3f4e__0001.wav,381068,37e35f807163d3af1452e02899933991f691457a4743696814acb92af75c4abd
accepted_segments/raw_phone__IMG_0163__a516ab91__0001.wav,357254,72690cefe9fde527b18a306907d8731e8d26afc486d9cb8ca1fbc40e15a2e66d
accepted_segments/raw_phone__IMG_0194__e38d3019__0001.wav,632438,2347e035ceca9cdb077826929e3045cb6bb29ced439bc06b4af8518b00e383f7
accepted_segments/raw_phone__IMG_0198__59a213f2__0001.wav,367838,46d65806e88dad1e866a414d2792834f21456ae053fa76f60ff891f5da8d1e6e
accepted_segments/raw_phone__IMG_0206__fdb4dd57__0001.wav,560996,17669fbf33ea2bff3494522a26db483e59246ab19230501eb949ef48fdc8893d
accepted_segments/raw_phone__IMG_0213__4b0ffe2d__0001.wav,476324,ca5f2ecfb0e9f5a8a8acb4b140fb95990ac87c0f96dfc121fa378fa60ea4ac35
accepted_segments/raw_phone__IMG_0214__a95a7486__0001.wav,516012,25581801bf252ff945935088d3210ab616c6832bb2b1ce9c1afa2e4bb5db37af
accepted_segments/raw_phone__IMG_0320__d9712beb__0001.wav,375776,2f35ca749726cf20a176c260abea51794faacffcf227ac1ee478cf77f8dc1843
accepted_segments/raw_phone__IMG_0326__3c0b46e9__0001.wav,386360,2e737a4eec98f99a707790d46acd9a835506bb276eb9088b331ca3f2b846bf79
accepted_segments/raw_phone__IMG_0328__add700b0__0001.wav,471032,716195fbad6da323e9925e2a8fcf4cd3eb5d183561b1825f26ac8917811fcb77
accepted_segments/raw_phone__IMG_0332__54d3c3ac__0001.wav,489376,0fceed18d35db386fb8a5c2a99dd17989ea1026654355d85b6ddf028dafbe8ec
accepted_segments/raw_phone__IMG_0342__6192afda__0001.wav,336086,d07cf6903de738bd7e59dac15c9b70272e746f4ce9c21545041fd26ab3ad14f2
accepted_segments/raw_phone__IMG_0346__3236955c__0001.wav,327596,b9179a6cd3310aa9b1cfd8f191e6a05f8762eb70a049cfc74032bbaf0d1ef756
accepted_segments/raw_phone__IMG_0348__ab65e42d__0001.wav,598040,a174f9415c5f322a7d49a815c4b770117efa3c03c4d7fbd6903897e6c4991dcd
accepted_segments/raw_phone__IMG_0365__0ce4c066__0001.wav,402234,8d9607d996f93f0455abbee355c54f77c3e5ad19aa8e7a1804e965a2ef98566e
accepted_segments/raw_phone__IMG_0372_2__b3a77ea5__0001.wav,409516,743e2376781029e22132a938670c90c7c155564e423ed6bd4a5ca0238a59471f
accepted_segments/raw_phone__IMG_0374__eaea2baa__0001.wav,508076,79ab53d2e2fcccc33cb8f393950654f2de03be6518eb06fc6aeb0d2dd752a0fc
accepted_segments/raw_phone__IMG_0377__9cb01fd3__0001.wav,346670,34b328e447cb48f5fa2ae2003b398883a5b5bf43d02751425cc2e7e1084c1388
accepted_segments/raw_phone__IMG_0378__545df7fb__0001.wav,574226,0b26d8a8ab1f42320806a9c18781e963a0180aa6c5683ba07b77778c7c6e5d43
accepted_segments/raw_phone__IMG_0382__b33b0dab__0001.wav,468384,cdf0c72e33f4a104e672f33f35c301b1682f1d51c89851c21c75a73b047e99e9
accepted_segments/raw_phone__IMG_0383__07772663__0001.wav,526598,6ac09e70335dac376fcbcb02c0c2168b02ae16d14513c5644ced751aeed920f7
accepted_segments/raw_phone__IMG_0387__552396e5__0001.wav,365192,538a40afcd26b1600152f0bede138599605c49810db86556492560502eff6ad2
accepted_segments/raw_phone__IMG_0389__5a2a733a__0001.wav,336086,2947ca112b47edc1ec41f64564954413b4e28a35911e3fa3229730913ef08396
accepted_segments/raw_phone__IMG_0394__5a2065a0__0001.wav,518660,1d8ff90a0b31edcfd91bf63dd5dfe9940b609c844b54b91f05ffa4d100c9a085
accepted_segments/raw_phone__IMG_0397__b75f9413__0001.wav,402234,a3df68c8a70fc9f90e38f81003e843de548ed8346ef196cc0c9db5a157f2dc3b
accepted_segments/raw_phone__IMG_0400__7564ee5c__0001.wav,542474,7d44006490b8c2c46160624476b82299a8c5f2a7e7ed25520d3262b0cbc73f6c
accepted_segments/raw_phone__IMG_0402__b25ab43c__0001.wav,587456,ab9f495dccaba137df0dbc8bd0dd02a8931aac63493e87123b8dec895f50efbd
accepted_segments/raw_phone__IMG_0403__dcd6361b__0001.wav,981710,bdaaec49b942a1faa151d52d250e50161a844f16f14d2fd376df2febacdae591
accepted_segments/raw_phone__IMG_0404_2__701e0651__0001.wav,1669670,4db2ae5ddf1d8036f6348f021ec145f3861dae1ab4aded848894701d8b83e975
accepted_segments/raw_phone__IMG_0407__bae62ce1__0001.wav,762092,3f580d06a028d2730b5758f7b8dd81f53bcb47cb3b8987c3445f34143e281585
accepted_segments/raw_phone__IMG_0410__b3396c5b__0001.wav,317564,0e7f5303975d84756b9dfded8dff6f6f9fead43474562d2e7d31752939ea82e8
accepted_segments/raw_phone__IMG_0414__1ef73559__0001.wav,539828,d72c206fb0db3787417fb2c3ca2137aed2b8ede472317a5b7982aa00d78e8ed4
accepted_segments/raw_phone__IMG_0417__6fd71dd1__0001.wav,304334,871038ddfb1e4312bc88f4f6ac3bbcd3a79adf6536fbca4d82affade5980a4ba
accepted_segments/raw_phone__IMG_0419__6f860b82__0001.wav,333440,4f49f87bb6fb3faca86fb8be8fd9527f1d42769a99d5126782209013cc9c62c3
accepted_segments/raw_phone__IMG_0424__04623b53__0001.wav,351962,601eec8eef1c88eb9d7ed91728439a528dce6e532585e37dd862223e34d93af8
accepted_segments/raw_phone__IMG_0425__1f4b423c__0001.wav,431342,c99eea8fb1bde3b4fb9a4f14280784f32b53bb5784eecd6702ba60dc9be7a441
accepted_segments/raw_phone__IMG_0426__7f453b60__0001.wav,447218,eb9b7cb39889d225fd2d49f6401e0ec66bcf531863fe9aec0120130322ac3700
accepted_segments/raw_phone__IMG_0430_2__27b44cf3__0001.wav,374700,6624e488f9ceabcf8af323af4fe090ce7642262ebeffc4af3c67fdd00ab1e24a
accepted_segments/raw_phone__IMG_0431__05ec09cd__0001.wav,404882,db413a6392b258ccb5555063eb2a130294915a86c6f7199eddaf41999bc8a21d
accepted_segments/raw_phone__IMG_0455__c6ad4056__0001.wav,531890,e240b072084d22a685d43f2c4c3ec62a93cb11cac9c71a9de386699bbe7922c1
accepted_segments/raw_phone__IMG_0458__b293434e__0001.wav,381068,8160cd57308ff38b3574bcc5d23746e3163acf89e0586fba6c08cf36040134e6
accepted_segments/raw_phone__IMG_0461__eaf85f27__0001.wav,367838,637cea82df06b4459a59a955ba11e50dc53758c7527db328180e7280a23068c4
accepted_segments/raw_phone__IMG_0463__237badd2__0001.wav,566288,db65e0a28ae5de0bf82345251cb085145a79f7f782ba2f7e8baf311c38337a5b
accepted_segments/raw_phone__IMG_0465__06311184__0001.wav,367838,26f0e2b75298da143f620c0df343e5d81519abeb16db74eb5e0662608e9b3247
accepted_segments/raw_phone__IMG_0467__c24f7000__0001.wav,391652,05cbfe4b54230ed898f895815c50b863200b5009750c43204eb7809d14f9ebb0
accepted_segments/raw_phone__IMG_0468__a8bcb164__0001.wav,399588,6b4d1b5f888e855be24c063d1af285e9599fc4fa61124385c82a5ec7cada5da7
accepted_segments/raw_phone__IMG_0470__0a321b99__0001.wav,333440,6ed8365a9c442ff3144cbe30335cae1c721910205e2c50dff5165ef59598aea7
accepted_segments/raw_phone__IMG_0471__f848eb17__0001.wav,407528,55da5daee6d1b873d1d5529dbeb7659cff40c74527b1e907785083d1f1a63d02
accepted_segments/raw_phone__IMG_0472__05ec92c1__0001.wav,370572,01f2106f7fdfca56842d760fcc8e9093c3046f0c151aa981d4b6f020d9653261
accepted_segments/raw_phone__IMG_0473__97d4082f__0001.wav,656252,c70186d5d1f0287d7e33311a8fc591e1e5aa29fcaf789cc01ba190256f7f334f
accepted_segments/raw_phone__IMG_0474__34904f79__0001.wav,375776,29e01c284747ab336140b65ec0b076658812f0ddc2ef6620668c6a30a75aae9c
accepted_segments/raw_phone__IMG_0477__b5cdd00b__0001.wav,344024,2ec66429100953395db6b6ddc64b707c2e8b9070371de4d4f2fced70633a6a83
accepted_segments/raw_phone__IMG_0483__f45649f7__0001.wav,1047860,d383e97fef38981092e83458b638fe5d499beb43b820efffa37abb09114b3a2f
accepted_segments/raw_phone__IMG_0483__f45649f7__0002.wav,1577060,f032f738b999f7e491e9c175ded4912a24dd22292bea6f2d3e1210c797022e3f
accepted_segments/raw_phone__IMG_0483__f45649f7__0003.wav,973772,b2637ac3354edb2583fbf4de51b6e63099c3c518250e289cfbdc7c9df1e3bd1f
accepted_segments/raw_phone__IMG_0485__8b9da646__0001.wav,444572,a2760822f5b78fb6f9cd45fce85a8f44f2204826d226cb45af20a92d4eae4977
accepted_segments/raw_phone__IMG_0490__53f55657__0001.wav,415466,9bdb22b45534c4ad527defb79f70bc6850ac1aae5abde8e5bf7f6c32d962c2e0
accepted_segments/raw_phone__IMG_0491__98531365__0001.wav,447218,90bf2f9dd19708e761de08e743caa310bdf6281e41242d58b2d05dce5a63a9f9
accepted_segments/raw_phone__IMG_0493__63462ea9__0001.wav,444572,f0b739280686aa0c6781f9f2bb32156452a213fbab67ffc624cba236d71e1f71
accepted_segments/raw_phone__IMG_0499__2b7cd30c__0001.wav,481616,b24d87cfe315fefc9707e32327b34da92c2bdadd9ed5870ca3ae03ec75f305ed
accepted_segments/raw_phone__IMG_0514__62562867__0001.wav,468384,2508b674430503e25ed91406776afda8ae77a41b9283d48b8f55c123a260e190
accepted_segments/raw_phone__IMG_0852__9e305e41__0001.wav,515564,d2c659b7b34f55a7e08417190146f96f4e3c30efce91143d8314ab4fb9ff328b
accepted_segments/raw_phone__IMG_0854__cefbab17__0001.wav,460846,a9afbba4d8713c1247ad94734e2f34129c2659c049f0ec86f996eee4dd66c36a
accepted_segments/raw_phone__IMG_0857__2660b30c__0001.wav,374444,9d5b348058d4173c23480b2fd6607c87a3a173f2de17c1e3df81ae11c97f2955
accepted_segments/raw_phone__IMG_0862__83f939f4__0001.wav,432044,8eca48e5906ef411243f1feb057c6a535df42860a8eb4f6ccf68406cd60493e9
accepted_segments/raw_phone__IMG_0866__36a0a53a__0001.wav,610606,ba3b73e84fc31cc32f416cefc36b97f74bfd122612c5317406e5ab9c68f79e17
accepted_segments/raw_phone__IMG_0867__a5d8a48e__0002.wav,717164,a9fe275c9fc38dfb0fe93d3ed94226c1ad923cb8dd61917c54547d29829787fd
accepted_segments/raw_phone__IMG_0870__8a3a2ab9__0001.wav,521324,71101a73d6bb857e7fc9ccf66daf68c7046760d658d24db057ab4e321921dfae
accepted_segments/raw_phone__IMG_0876__96fbaa39__0001.wav,610604,d6a7756f54f52db37e54073ddd26d2c5363d0db38f09982814231fcc27169873
accepted_segments/raw_phone__IMG_0880__ba0fadaa__0001.wav,538604,5ecd6642025d543f818002152b51107e19a67503294de976f8f652104895cda0
accepted_segments/raw_phone__IMG_0885__8546865c__0001.wav,544364,544296563d4491247fd2d312b48c02c9a10c7e862b0ed4212a6c769284f1c1f3
accepted_segments/raw_phone__IMG_1116__a2279633__0001.wav,730340,28e763871867b9f6fce4f02319b6d03148e3b2e2ed699d557dccda1335bf8246
accepted_segments/raw_phone__IMG_1121__fc5ac086__0001.wav,454274,7d7aed5a4db90ec9c2e902f414e998a5c95bdf47aac74c0f0bfca065e4061d06
accepted_segments/raw_phone__IMG_1124__12e2f9eb__0001.wav,306980,3008bc2a83f221ae7477094a8f8e65e862e108ec82cd5959ca24224218238cb9
accepted_segments/raw_phone__IMG_1126__fd0b8069__0001.wav,476324,9d719fbed7949a019a704b7edbe983f3f799bd455e5ce7d8007db4770394c14a
accepted_segments/raw_phone__IMG_1130__b4986902__0001.wav,351962,730922ad0115f9a6e4faa9b70d689d830ae4e507666effcc4076fd1223b9eb70
accepted_segments/raw_phone__IMG_1132__296f2e1d__0001.wav,396944,164787e5ff07c03c01ca1e85035145ed666c113affa51a661f6eed04999b2285
accepted_segments/raw_phone__IMG_1142__9578febd__0001.wav,510722,148fc29278dd6b1dc63b402b3279ad4912c83641dbb01eddf2f75c9f70df5549
accepted_segments/raw_phone__IMG_1146__1eb1dcff__0001.wav,336086,dbc41494366c545b402e10ac855b25af1c09a4fe55d3c855d4295fb9391e51c0
accepted_segments/raw_phone__IMG_1149__d5c2006f__0001.wav,399590,389026d57eebafb0896b075ff6926b6b50987f88c0de41ecfeac8f65273355fe
accepted_segments/raw_phone__IMG_1150__c6c94edb__0001.wav,471032,655f798dc0eb13eaad6af7ad2b4755dda2c62567c9f27387a09ae2a98d45d014
accepted_segments/raw_phone__IMG_1255__0e6a095a__0001.wav,304334,0a6dbc66cef16f4c7761b2cc2cd1dec6d4c9f55436bb0423548284f86e63e7dd
accepted_segments/raw_phone__IMG_1259__05fd17b3__0001.wav,688004,e91390f0167684e8245e2f505761d4c0756c60e089843e538fbd6f7362fc4042
accepted_segments/raw_phone__IMG_1260__7589c4ae__0001.wav,359900,fa67d38786c53ec3849b1019dba5e165064041d0b4b5e2495b4861191ec4a8d7
accepted_segments/raw_phone__IMG_1261__e9f38e64__0001.wav,433988,e514ff57b12eb2ce21f2409623459b92a2aa271e5c7f538fe5e5a61123a5be53
accepted_segments/raw_phone__IMG_1270__79c68407__0001.wav,411564,f75e487d0d65c8812d34f0d6bb08fd44e7776835cf67aad1b84b564ebb790e4f
accepted_segments/raw_phone__IMG_1272__5a02a1b3__0001.wav,635084,31f0fc213c8525e5751eb81a9215fd5afc7c726ce61e990328d855cdec2fea35
accepted_segments/raw_phone__IMG_1274__853ab178__0001.wav,529244,8995685ff2c917795f3d714789a3a3f095bec2b3295798ae3392a0dd6accdc68
accepted_segments/raw_phone__IMG_1275__645afe98__0001.wav,727694,16579fd0e64db6bbb65da37a4235fe750ff7000603daedccff9f1cfe5cb9e9d2
accepted_segments/raw_phone__IMG_1276__3f402782__0001.wav,1024046,dd04891fcae2def4af2c5530b970f633b44781e2b535ba3c5000391882bf028d
accepted_segments/raw_phone__IMG_1278__72905b2e__0001.wav,513368,a135d23dd2cb536fed0de5276f080d2407b321d0ffba757e0c4d47b2992f285e
accepted_segments/raw_phone__IMG_1280__2ef7bf78__0001.wav,1500326,62092dafbd669a3d759fc0cbeaf38872bed8ced6ad00050e4cf4ad1f29bd3b5f
accepted_segments/raw_phone__IMG_1280__2ef7bf78__0002.wav,1786094,e07b097dd24542b4608e56a2b0c3f5e05525ec6e03c9cb2195a228da5fcd3b9e
accepted_segments/raw_phone__IMG_1280__2ef7bf78__0003.wav,1489742,043304511bab1d0f5d6d84946794b655c4c90754013ce3bacc52db1e8bf3edd8
accepted_segments/raw_phone__IMG_1280__2ef7bf78__0004.wav,751508,0120cd82235c5f1f67b60a78a74610bfd21b8db2dda48036243269f4e7d26bd1
accepted_segments/raw_phone__IMG_1284__73b318f0__0001.wav,463094,ab86466f0e80c8122b06c5ce7568b0e738e0528ce676f7c3224eb3b5318d5d7e
accepted_segments/raw_phone__IMG_1286__eede3f81__0001.wav,420756,3fc25d70285191c353d266fdddbc7816503ef304cb2e033a0ffab8094d0ffac4
accepted_segments/raw_phone__IMG_1287__ab147d44__0001.wav,572990,f8f25c66d12dacadf4727217215dab8e6d9fcfb09d20b09fd8fc3a08591cea07
accepted_segments/raw_phone__IMG_1288__274cd4e6__0001.wav,574226,0d15bdc194352c7595bad74f57eaccf05bb3a6718c4b174b20223fd8ac1c3562
accepted_segments/raw_phone__IMG_1291__b1ac9d79__0001.wav,389006,c7087e75a6b8774aac2316cdf033fd58c6ca05de8d05a66c1b54ea701ee6e608
accepted_segments/raw_phone__IMG_1379__6b861bd0__0001.wav,800684,8390ff12f310d9596e2e3ec29472a377b4c5ebc7d0f07045e0ea8e9ae9f5c0cb
accepted_segments/raw_phone__IMG_1382__9963564e__0001.wav,887082,e1828973745d9c035e660b8528843198db3f5fb0399469386b767a1507e2f5cf
accepted_segments/raw_phone__IMG_1385__cd0ce96e__0001.wav,489644,b8d78a2de7412432fece326bb02cf367211f4b238783da5a70e65ee5ee7516a9
accepted_segments/raw_phone__IMG_1388__f97b1e82__0001.wav,561644,0606d85867a256f96646597eb67f10f81eb0593d9c6ebae1e63da7a688903323
accepted_segments/raw_phone__IMG_1389__48769825__0001.wav,697004,27eebfde700479a270df19a3c18c8ddf0491b86098914158acd3daa905567aab
accepted_segments/raw_phone__IMG_1390__c7abb622__0001.wav,823724,53c49dfbcc7b6e62342495cc0a202b29d984aa80e795c6d83f287513a0f0f0c1
accepted_segments/raw_phone__IMG_1394__e005e7f0__0001.wav,457964,f5ff9c43debaf6d2a3a43d389ef8c70f642d7372bc0372151ecc4d64d67a098b
accepted_segments/raw_phone__IMG_1398__cb1b815a__0001.wav,432042,28241508fa7b08a7437448245ad9630615e703200cbdb5ce3b0be5950a9ee986
accepted_segments/raw_phone__IMG_1399__a93a8aee__0001.wav,371562,ad377a9464caf3637a53f3c1f8301c31708b45958b48067ba14ad7693fb8f6a1
accepted_segments/raw_phone__IMG_1400__5f9bf99e__0001.wav,468780,8f0afcab6cbae981e7571db5751287f8d1530d525080edbf14e894da008ad0d7
accepted_segments/raw_phone__IMG_1402__f79a7b63__0001.wav,964844,51712d14ed23ec01c9998375d884dff66e82270b6fd23b5a55dd91bcc1c2380d
accepted_segments/raw_phone__IMG_1403__939fc1df__0001.wav,887082,4264fe04188697a5bf196792e4ad18e122d9cf8374b7583df3aabec456009c2b
accepted_segments/raw_phone__IMG_1404__7b90389c__0001.wav,460844,11c9fb6913b24a884df686548cc005c96736f5f187b557547bbbbd7a8fc9a318
accepted_segments/raw_phone__IMG_1551__593d2d38__0003.wav,961964,907a7c76f93c9b28c9dfb3c6c819b2f05d2af4a3e0ebe12264dc505b7b0cd51f
accepted_segments/raw_phone__IMG_1553__c3e7d66a__0001.wav,1203884,33dcc9becc8565b2721e1c0a6fc96729a2f63526298697143d20ae51a6cd96f6
accepted_segments/raw_phone__IMG_1556__0d9a9bba__0002.wav,930284,295f2be6fa05f8c0f35a2660968c05a867aa2ce7fdcef8801f4c087a3a949b2b
accepted_segments/raw_phone__IMG_1556__0d9a9bba__0003.wav,843884,4b09d378a70e7bd8be93f43f37e848714b446e1204b089b1cb159088d943fee6
accepted_segments/raw_phone__IMG_1556__0d9a9bba__0004.wav,1005164,99c4b1c6b16204123760b9d9e2dbac4b9f2caa16ac9788fd401926f685a509e2
accepted_segments/raw_phone__IMG_1558__51b2e373__0004.wav,1287404,e902ccb50ef140cda0cce179a24d212d3ae9b5db3945f73af5e91e80e54cc6b4
accepted_segments/raw_phone__IMG_1559__0032473c__0001.wav,639404,ad3b94bccad2b97d104df85b19d165e0e463bf57a453bb3b7a7b59f559879a64
accepted_segments/raw_phone__IMG_1561__d75d093c__0001.wav,679724,da0affdb9e15275752301dfaac4ce38bb4439d30a6ad67e7328d6ff5a8d2648d
accepted_segments/raw_phone__IMG_1563__b7c71538__0001.wav,1048364,25cff24f27c5ecc90b24fdbab038f2ded316fb3f1843cecb48b51f802598cac5
accepted_segments/raw_phone__IMG_1652__1621338e__0001.wav,947564,fb4c91a498db308358f7992627461ffb337a1636e3f91ccb66e7eaf33b617ade
accepted_segments/raw_phone__IMG_1654__a0e00421__0001.wav,1183724,1fbd12e95ee68e2ef84dd8cb00664b544a091df88ca1414a9388353fe67d1c9c
accepted_segments/raw_phone__IMG_1657__215e541c__0001.wav,976364,2327d4435afb597ceb910b5e94ed4018f6011e6567c0f9dd08ec6dd7d30a8edc
accepted_segments/raw_phone__IMG_1659__ea168cad__0002.wav,996524,0170f4278cf253142e5a0fb2e5c2c80c79ad609e211d73ca5bd185a7b2a3cbfd
accepted_segments/raw_phone__IMG_1660__02f2d955__0004.wav,466604,f1bf436c723cf92768bd5a696672c1c1e7e58c6786a7c30fab337677867d0f23
accepted_segments/raw_phone__IMG_1660__02f2d955__0006.wav,970604,9eded0cd7d5f38dc609b75500b78916858be8af6ff62803ce8510b57c3fd508f
accepted_segments/raw_phone__IMG_1661__a29605c0__0001.wav,581804,1c214c8ee7111179335754cbc2a7ddaf349d593e0ab7d15be59db2af6537a17f
accepted_segments/raw_phone__IMG_1661__a29605c0__0003.wav,409004,448d326b35cdddfb24b0588a5f27ff4dece7240e189cc9fcc66ef651531151d4
accepted_segments/raw_phone__IMG_1661__a29605c0__0005.wav,1310442,c4dd1a1a3afe7fbc541d16504408f5a4ecac4f6832cc32edb3bf014f306d6261
accepted_segments/raw_phone__IMG_1696__bba7216f__0001.wav,391652,8d2cdbcdb7cb656f310b683e4690999fd4f13605bd7f83dcd305a924c896ae71
accepted_segments/raw_phone__IMG_1705__9c868977__0001.wav,447218,444e087c62eaa40f05f07a4f20b5fcea6ffa107f85f1787dd83f0dd9cb9dad1c
accepted_segments/raw_phone__IMG_1706__1b47751f__0001.wav,351962,36cbb6b7a6c125c3752561769928b84cfe5b7c5fc06040cc8f504ecd9a21d6a4
accepted_segments/raw_phone__IMG_1709__e0d81b94__0001.wav,433988,3f5773effe59da2f87b1306a63a98c23d2b83bc826a281a03c5ab48f47b7cf56
accepted_segments/raw_phone__IMG_1710__4347d0da__0001.wav,357254,391b0b4ce954093e569a9fd86f08a935ebd4a532cf2e8bfa82035579e3ee422e
accepted_segments/raw_phone__IMG_1711__ec48e2e2__0001.wav,378422,15c4097fdc88254522c5e95ab54e7876508e2e171f8f4e622e5e1e42b250834c
accepted_segments/raw_phone__IMG_1712__2eaf998f__0001.wav,301688,4bfc153255f342a412544fc050b218843a2b9860c91498437ee1e0caeaaf1fc2
accepted_segments/raw_phone__IMG_1713__263624e2__0001.wav,444572,301c8973ff5616b17b9a90f0582f4404cdf7d58d44bd13dfd0f414edda1abdca
accepted_segments/raw_phone__IMG_1724__c2f28d6b__0001.wav,444306,652a5f3d211e44eec18133dbb6f9916f26c5fa25226c2f6c2f46b059ee1e2929
accepted_segments/raw_phone__IMG_1725__3a76995c__0001.wav,350108,c153a6498eba7b44252695c2ef62f7f6c79d46798573cbd01c046fb2b2bfd0c2
accepted_segments/raw_phone__IMG_1726__d071cc57__0001.wav,418112,6e6004f3e139d895939f38df1d8ea9a708c192f61fa76fa4e400d85c129cd3cc
accepted_segments/raw_phone__IMG_1727__0fcee9b5__0001.wav,383714,419b7cc0c3640be784bf1c67245bd545f36826d432844a3d73317e7261103c37
accepted_segments/raw_phone__IMG_1728__7a63c35a__0001.wav,865622,0513a985beccd672dc11b0cfa8f431aba025e5c8e1a24d67d8c058675432678b
accepted_segments/raw_phone__IMG_1729__1d93a4e4__0001.wav,661544,f119b05a55331e8789bf04856a834f1089b794709f4c9119f050a83f66196621
accepted_segments/raw_phone__IMG_1731_2__29cab451__0001.wav,452510,1cd67a691c6327f409b7a18c88e8cab5db44610ab76edd90d08bf6e649dea157
accepted_segments/raw_phone__IMG_1732__87bcc559__0001.wav,370572,20ea8ddc40c1541cbf6420e217f26ec525ab25622b811c75168339696f282dcd
accepted_segments/raw_phone__IMG_1733__0f57c259__0001.wav,438662,4b633418561a98dbdd727cd6eda28ab674ee3e8711248425cb6c3a64e70ac399
accepted_segments/raw_phone__IMG_1739_2__144093ea__0001.wav,317564,b408cd1bb9e9798f5f63d1e61789208de06acdd5178cd6cd48830f1e3718646a
accepted_segments/raw_phone__IMG_1741__fb5c7656__0001.wav,317564,0c96769dbce3baeafaef932c7e2e770a51d85f53fe0164ac120b1f9b6e5c48c0
accepted_segments/raw_phone__IMG_1742__7cfd102e__0001.wav,455156,65b24969fecfc30123fb8ccde47861ee7c02adec230f60f6a6f7a509a4287075
accepted_segments/raw_phone__IMG_1748__515c8e7e__0001.wav,420758,56c96870ae3f576fdd616693331be2efec2cddd27c3dd3d407bfc8add1474b5f
accepted_segments/raw_phone__IMG_1749__6e2a3ee4__0001.wav,777968,2a9b07ece9e55209ff28aeb7b2c160dd4432e5822b7bdb974e9ca5aed218eff3
accepted_segments/raw_phone__IMG_1827__e218373d__0001.wav,429164,d8fefc637a3d99208abef8f49bfb85b356778029fe51c62ab59e85fd1d6b5bde
accepted_segments/raw_phone__IMG_1828_2__b010308b__0001.wav,457964,83bef58141ceac675940ec63cb0928a32488e8923d1bf0adb7b4064a81e918f8
accepted_segments/raw_phone__IMG_1828__0436c033__0001.wav,457964,83bef58141ceac675940ec63cb0928a32488e8923d1bf0adb7b4064a81e918f8
accepted_segments/raw_phone__IMG_1835__eaa4269f__0001.wav,409004,dfbd30c1535e645d1b3abdcb56e36cd45cf9fb5e0a4abfc025bff98949293064
accepted_segments/raw_phone__IMG_1836__1ccf448e__0001.wav,573164,68dbbb004a152ca197fcaaf7bf83acf42e8fab00f5b23e42f0198d8ec23e8c90
accepted_segments/raw_phone__IMG_1837__38579236__0001.wav,1393964,967d2262e434f815706cefe63ea568ff5ae0a399b6494d15c256c1380c81997d
accepted_segments/raw_phone__IMG_1837__38579236__0002.wav,757484,78743ed6670e737454f2ae9026d7e104e08ead291468fee40e0282296a0d4109
accepted_segments/raw_phone__IMG_1838__b6d4543c__0001.wav,345644,8facfd284ab4adacff64a9c34f41fdbbe0e72970664419cbd364b6392bbfaa0d
accepted_segments/raw_phone__IMG_1843__013bfb14__0001.wav,535724,4f7489fc4c9a94551d3fbc4897a2df9d0161cec0b93f255b1f3c0710e8783f95
accepted_segments/raw_phone__IMG_1846__1d251e00__0001.wav,553004,da3df4687f5ee996692641b139040b16988bea51ecee950fe5d72db632e9912d
accepted_segments/raw_phone__IMG_1847__6ef3f3a7__0001.wav,325484,91c9b95c0a695599b3c8a7a4b7651fd49520db7d54196e9bc296c64b2981b2c4
accepted_segments/raw_phone__IMG_1878__0862256f__0001.wav,371564,46489ae4af2a6f3025076fbcbbc1bf2f694e791da4a3fe59dfe0114c25f95e68
accepted_segments/raw_phone__IMG_1879__388ababb__0001.wav,374444,cb59553dacf369a21c9fbaf9eb3a5481007030e080b2bd2adb13ac9bb97a407f
accepted_segments/raw_phone__IMG_1880__7de58fe5__0001.wav,345644,b21e52d3f6f35b7b7beb8cd569f2b44eac7e3cfb282bbf1a5392073296500032
accepted_segments/raw_phone__IMG_1881__8312c389__0001.wav,648044,bf14a9916c61998395c15b0546597c8a980bacd00401dba220eb4b108070fd67
accepted_segments/raw_phone__IMG_1882__36390c92__0001.wav,426284,be6e48cada0270b692bc5703483605407f0adc66edbc48247fc4d4b42db4594d
accepted_segments/raw_phone__IMG_1883__b7ce483e__0001.wav,662444,4a042665af626951e97ae082635c5468da27c1e1ee4e35aa8da9161c933861a7
accepted_segments/raw_phone__IMG_1884__42d5f7fe__0001.wav,593324,cc03f960d0474a880cf7edfea3a3e69983968505b593865ce517a8fc81425c05
accepted_segments/raw_phone__IMG_1886__1ea327f6__0001.wav,789164,f3ecb6d9df38d4c545a92c6c4a874011f4e8f2b5f1854c8bb30183f38abf7681
accepted_segments/raw_phone__IMG_1887__f8c36095__0001.wav,835244,32a1b31e728fd415e86bd5c0ffc2f22f7d05ced89e559ccf157039e0ce15e8e3
accepted_segments/raw_phone__IMG_1888__3db7ef9b__0001.wav,538604,e17e04a650e57893690f7f8a7294d11c738173da3f00731aa6114414d816b8e8
accepted_segments/raw_phone__IMG_1889__8d72cb0a__0001.wav,740204,ea24653d886af0a915f067447cb65439ef2813ae2b97129204a09c3e6cce1add
accepted_segments/raw_phone__IMG_1910__697ef9e0__0001.wav,590444,ddf4daece35facd494d71543d76d4be759e6ad3a2e3b07acc4e8ffdedf52e258
accepted_segments/raw_phone__IMG_1944__08099bda__0001.wav,740204,a71dae32100ca376c72969adb24fbe2f638aa4026ab8c390483d8d6cec39b3b7
accepted_segments/raw_phone__IMG_1951__c4e78949__0001.wav,550124,fd1369e5dc92313ae0aec7d979ceb17982e61b9ca4298a00ab6e0cf943dd7e7e
accepted_segments/raw_phone__IMG_1982__e553bd24__0001.wav,403244,7d1297e051d1bf54869c737c1ec8ada2d922dcfea6f7f527da77f6caeaaaadb5
accepted_segments/raw_phone__IMG_2027__9bf3a8fe__0001.wav,976364,18643ce92e30617874159431a129a4a1224a6f0ce675d2c19431a4679d60dd5f
accepted_segments/raw_phone__IMG_2028__c77a59b7__0001.wav,1379564,6c6111e56f24ef59a77e898396ca2458b21345238fb6eebcbe7f1ca2722329cd
accepted_segments/raw_phone__IMG_2030__56f9c744__0001.wav,1261484,e2414b560dc86070b04dfa98e647315f9eb27a9b4ee4fb3d78021e7fb3d63b00
accepted_segments/raw_phone__IMG_2031__504b8725__0001.wav,887084,91652972f5b884c326d6df38cbfe895aca5bd684ea6af6492cd9ab8d0583f517
accepted_segments/raw_phone__IMG_2257__30666833__0001.wav,1935404,3b4081f87aa6e9eed5d33c5d2083c9c774e144f4521599abfc7bfa3b3b6b9514
accepted_segments/raw_phone__IMG_2257__30666833__0002.wav,1834604,2003c2a5152789ded5924387b5deb103f94850df2a6e08b4ad74d211319bd405
accepted_segments/raw_phone__IMG_2280__03a75c0d__0001.wav,613484,fe0bb5ef1ebae68bd5adb5fabcdc1f65e2b87e8c5d907e9dcb426f993f82ae6c
accepted_segments/raw_phone__IMG_2281__262051e5__0001.wav,1206764,cd190f6a49837238bd845b6a83dbd561ba034570001e58bb6891a6d85fc3b05c
accepted_segments/raw_phone__IMG_2283__120faad3__0001.wav,576044,24138cc0f76798dbe8650e442ae3ec322a209804b570d62f3e55c70ae181c25e
accepted_segments/raw_phone__IMG_2284__41e5b35a__0001.wav,388842,75954b62b2e0c4439055909cacd14c6250a82f6beb12aef5de56c1d0472b006e
accepted_segments/raw_phone__IMG_2285__7ba7589a__0001.wav,769004,3b514749c07eca7dfa34d287201418479c8d52d974a685e4c877c8edefc1da1f
accepted_segments/raw_phone__IMG_2287__3b6226fb__0001.wav,328364,b76448d646a1967f20d869e8faae2cc12aa3996cbb6b04fe44504a314f82c294
accepted_segments/raw_phone__IMG_2288__d39e6d99__0001.wav,432044,f2259d84b6e970dd2f72ed90a059c51b95f5388f088022e93e031a7990e1f5a6
accepted_segments/raw_phone__IMG_2289__4735bd26__0001.wav,529964,b63f3bc4eef351588022ab01bccd63944347ae78a294867942505bb1b35be78c
accepted_segments/raw_phone__IMG_2290__b6ebdae7__0001.wav,345644,b16731302082c62071027d38fdd2f02dd614f543ba37110c585c91e1a3731694
accepted_segments/raw_phone__IMG_2291__2fde34d0__0001.wav,512684,4d430ddeb615f5cb60a4e2509c3c32a21812404ad7b9192605f0a26680d23ded
accepted_segments/raw_phone__IMG_2294__8d8e2800__0001.wav,460844,b39c2fd1817fe2a3d48ac1f13ba24b8fde1328acfa1b7e317d7453f75e8e5671
accepted_segments/raw_phone__IMG_2297__f3b36e64__0001.wav,339884,186b0e7248927a865b9e689d165694e0b32534417e473362df9fa91a5a285b6e
accepted_segments/raw_phone__IMG_2298__174a08eb__0001.wav,394604,2622ec41b38b6f77a150f5703a3caff9a006d67a700942edf63ec21e8229c0df
accepted_segments/raw_phone__IMG_2299__3efe0c17__0001.wav,777644,f15abc24c65bd7173a130936b6970e9492e4c18dc7fcaffc74fcd8858858b0e6
accepted_segments/raw_phone__IMG_2312_2__981b5784__0005.wav,527084,958601b20d8ac6c4be6df3802df5920733799872b036a9cdf3404354a49e0cd4
accepted_segments/raw_phone__IMG_2312_2__981b5784__0008.wav,564524,60497692326f58797777aa8cf48f39a278c2811b0bc8faa7627b99bf0104fbb1
accepted_segments/raw_phone__IMG_2313__a748801f__0002.wav,1244204,b82b0f4d3f4f7b26cd6559f8733e686ad7b8ef606dcce99c1f610a941f24ef33
accepted_segments/raw_phone__IMG_2313__a748801f__0003.wav,481006,3100df165d6102088a863502a5616e35e73449d3368ddd0268776091ab7d82c4
accepted_segments/raw_phone__IMG_2313__a748801f__0004.wav,866924,a86b0fb700dfe75f83828619642ad1d108e2a65667d429b098d18f71d205f449
accepted_segments/raw_phone__IMG_2313__a748801f__0006.wav,501164,08bbd13ab0ffdb9c1469b9d972ab2e1ba7c1b0e54ef80096739580725303097c
accepted_segments/raw_phone__IMG_2313__a748801f__0010.wav,397484,e4d378094ffc383be0289db727aa8112528def13eeb9bb088410560e80ce40b3
accepted_segments/raw_phone__IMG_2344__3c018855__0001.wav,1031084,1eec1574fcf4d826b67a99f0e5898525a1e97a052b5c08ced33b68241eabba07
accepted_segments/raw_phone__IMG_2350__e4a85027__0001.wav,316844,70eca38684d44dfea7e048ec2c9e85596609ce8c3bc240d37814dcbe76e1815e
accepted_segments/raw_phone__IMG_2366__a77c0e3d__0001.wav,380204,b14fccffc270140d17fae2eafe6208d20b0f4d4a98918198ed25ac9e7c661f42
accepted_segments/raw_phone__IMG_2367__fa496c42__0001.wav,360044,156b7d5ff1a7876180be537dc8fb7a829afd3e1a4487e5adeaa4b534adf99935
accepted_segments/raw_phone__IMG_2372__cbde0844__0001.wav,423404,4e06d678fe1c4375f9ee3651951cda6f44125461bacce086ec70b66e1e4ab0f4
accepted_segments/raw_phone__IMG_2375__cfbc6872__0001.wav,463724,49471630f1e0b3fd8cf073a4468996369cf0850d352049dc4d2eaa6fb4db1dd1
accepted_segments/raw_phone__IMG_2377__03810445__0001.wav,705644,cf8468dae1eb585c39af5c379c943461e6ad628e231996d369f927feaf939bad
accepted_segments/raw_phone__IMG_2380__f65bb315__0001.wav,506926,63e942692f01dc6c3b7e0dc0a85d1f53d13f10b1d0c0af7e5ab15e2d83584ca7
accepted_segments/raw_phone__IMG_2382__925ce082__0001.wav,460844,6a0e348e1281269c598843590d379777a430f2e27bc35231d9d670a9a2acb798
accepted_segments/raw_phone__IMG_2385__214a512e__0001.wav,434924,c81cd197265e4e353f0b7549effd6350f3978e5add2d4ae816882dc3cd9fc7bd
accepted_segments/raw_phone__IMG_2903__9d9e3bea__0001.wav,348524,229248e2affa91f5dfdf99f3cdb12cf135c8f2ce4432ef9039fb2373f7fe526c
accepted_segments/raw_phone__IMG_2907__5878b82e__0001.wav,405740,6fa0c5e08f4b090b0943bd6e488b312bd292b6e4756bec7c9099a354d57ee8e6
accepted_segments/raw_phone__IMG_2908__b6ddf30b__0001.wav,452202,5c7f4accd9e99aa28a8e9c17f262cf41c412908a5d9e29cad6b72305bd2636ab
accepted_segments/raw_phone__IMG_2909_1___82e342a3__0001.wav,771886,c2f8107dc0c8d483d7804c72f6c9e4ed83d65acbf65ca92ff04b23135d7230a2
accepted_segments/raw_phone__IMG_2909__3eb13197__0001.wav,771886,c2f8107dc0c8d483d7804c72f6c9e4ed83d65acbf65ca92ff04b23135d7230a2
accepted_segments/raw_phone__IMG_2913__e748e1c6__0001.wav,601964,43be976a8e634ee65cf47e7b27f928f2519d270afbb9ad812d87bb32d0a72585
accepted_segments/raw_phone__IMG_2914__fb68e20f__0001.wav,420524,57753943e2b209258e14136f360ee7aec663700d9f0c86505663c21187b68f3a
accepted_segments/raw_phone__IMG_2915__ac3aa934__0001.wav,429164,93e4379ad14d7faf0b396a0d251e6016938a7f47deecd6c1ff9c316e13625fa7
accepted_segments/raw_phone__IMG_2916__a16bf633__0001.wav,629132,eed9150a361199e74201af9c4981744cc2efb7cc1bed65f41a7e152b27bfde9b
accepted_segments/raw_phone__IMG_2917__df31dee0__0001.wav,691244,25a3879948af28a4c60ca873b0d6ce82cec3709ab8ab2a507775e2587582f7c7
accepted_segments/raw_phone__IMG_2918__86fe3596__0001.wav,766124,e7d60dd23a8c43e34d2440f696978f55e7e608fdd0304c071a842e9e79117cad
accepted_segments/raw_phone__IMG_2918__86fe3596__0002.wav,516012,e079c212a83a0b3adfd44ea429186e2be27d2880908a18b51eb4c47507eea423
accepted_segments/raw_phone__IMG_2919__a8a0f88b__0001.wav,645164,7d19fd348661f2cf81c61054255fab8016109c426046422811b5d3c4acae1fb2
accepted_segments/raw_phone__IMG_2920__48364202__0001.wav,889964,2676a6c18cd1d6a1b74fb08d7cad24ec8b046cd403cea926624620aa49e199d1
accepted_segments/raw_phone__IMG_2922__5f317bb6__0001.wav,941804,81c521ccf0abcf831a039d0b9517b5b336f3c58e48703ab66206a3fc83504bc6
accepted_segments/raw_phone__IMG_2923__ba91a5d0__0001.wav,1045484,e9ed004b13e221b55d09e678dc9bf8aebbc7fbe36d63db6dc8619899a3a22434
accepted_segments/raw_phone__IMG_2924__03f4c575__0001.wav,1333484,49c2c0d7e495d35123c0e479277c8a46906b728baed6955e449880a06f4a6c4d
accepted_segments/raw_phone__IMG_2927__69b7295c__0001.wav,564524,28508593fd784902972bb7d306e883c1af9ceaf441cba7e0d32164ac08b2a20e
accepted_segments/raw_phone__IMG_2958__a2103add__0001.wav,308204,5ed6e66fdf3cd79bf3d372a31c5db5eb1690776618d28d3fc4ae26abe1f05dc2
accepted_segments/raw_phone__IMG_2960__616ba413__0001.wav,529964,15f906dfbdf3d98a549271c244998a2a1ca99c7a87959587578d866217c86918
accepted_segments/raw_phone__IMG_2962__cce6a6a8__0001.wav,369324,4ac32ac498d18d468b5ee557fbc398ff2fa7dfbb9e2905441c38f881cf025c47
accepted_segments/raw_phone__IMG_2963__73b84498__0001.wav,628652,19401ddd64205b0adf0ae33789ff3e860e9762fa60887d159496aceac76b1275
accepted_segments/raw_phone__IMG_2965__5d433519__0001.wav,334124,277f16573627285d008e409165929fcf84b7f0cc14fc02f116ec73256ebac74b
accepted_segments/raw_phone__IMG_3020__be0525d3__0001.wav,319724,345cc9008a7cf98f90c9a0a29da36eb11598a47f721e0a0a0d7ce1c27f97af02
accepted_segments/raw_phone__IMG_3021__d4efb23d__0001.wav,316844,47f30e0457acba8fb03bfc51f9e46aa4fd79365e7d8bfca35b9de5ddf74075b4
accepted_segments/raw_phone__IMG_3049__60a365ad__0001.wav,1368044,d709e9d0f4458c0f795bca0a577ae91ecb55573fd8ea35c03845b507abdae92b
accepted_segments/raw_phone__IMG_3049__60a365ad__0002.wav,1837484,eaf59e3ac4840641d841694ad1ef50608e77186be24374aafc07e3bc9cc3e15f
accepted_segments/raw_phone__IMG_3049__60a365ad__0003.wav,1817324,7898072f4f83a63feb7a2ab6c90912ba13f46650ee628665812395a0a5ba6298
accepted_segments/raw_phone__IMG_3049__60a365ad__0004.wav,1857644,0ccad98a39c4a477c215d8ff49ced5d153363511c4a141acd7cf442244cc35b0
accepted_segments/raw_phone__IMG_3049__60a365ad__0005.wav,1434286,de50e8eaccdc314c7bb742743e8a428da620c2b17259d028d1539b1e35b75ce5
accepted_segments/raw_phone__IMG_3049__60a365ad__0006.wav,1880684,e5019c171082e979b868b7813585a85a6d871eb234efa717ab85b3bfe4f31f55
accepted_segments/raw_phone__IMG_3049__60a365ad__0007.wav,705644,afb7cd7f014297334b83c0611cfc116081a0667cad39d6971b18392f5c0ff8ef
accepted_segments/raw_phone__IMG_3161__09ab63ec__0001.wav,1578284,99de353ea85afb41ff3f363508d9a0ac0686cf1ada998fbb38775e7c4f8e9858
accepted_segments/raw_phone__IMG_3161__09ab63ec__0002.wav,950444,11cf7d20315eb65e92d7d405a490240d9fc6e3234a0e2a7d392cfdcac4d6112b
accepted_segments/raw_phone__IMG_3161__09ab63ec__0003.wav,728684,37c658215e65dbabf5adcecdd5acc64487a211cbce621059c8371974ced545f6
accepted_segments/raw_phone__IMG_3184__9fd8784c__0001.wav,1396844,d5a443c4cfead173faa8dd3763971b9634b3acae071294283e3cafc1e804b4d2
accepted_segments/raw_phone__IMG_3225__767328f7__0001.wav,1540844,67de5e5c46093815d7c24ec853602d3604988db2bfe607202671953f1cd4cee3
accepted_segments/raw_phone__IMG_3225__767328f7__0002.wav,820844,9393403b732ce80fc437f2ca3ec499e4e3edf4c08d24e4a77fd1fdeeea89f289
accepted_segments/raw_phone__IMG_3237__2f6f950b__0001.wav,388844,8e8a76a70288c841172fe1953204faacf265cddff490500ffe795092f5ce6022
accepted_segments/raw_phone__IMG_3238__67243edc__0001.wav,769004,b5090f31f1c1750e4d6630d428194619726b8679fef5c7bc0baef3c114ff022b
accepted_segments/raw_phone__IMG_3241__abc713b4__0001.wav,365804,5a736a29a150efb45949ef95d3b0e8a529ca4eabf13ebd33cca321f6cf9b3f12
accepted_segments/raw_phone__IMG_3242__1bdea9b5__0002.wav,578924,56464a8262b01c51d7b5ffeb3b01ecf30c9a17fa53af07bdf3d6f5a8511898a6
accepted_segments/raw_phone__IMG_3247__933c4139__0003.wav,377326,c3a247dd833085868edf1571b70e0290d971dcd09744dbdbdfc9a71ad348d3d4
accepted_segments/raw_phone__IMG_3310__46f74e99__0001.wav,322604,108616b0ad5210cff77306401968ad603ab1332f495b453a4044334e48e8737b
accepted_segments/raw_phone__IMG_3311__a2d99517__0001.wav,308204,476929eff0669af9e169c68e33c0e8942b10dd8271144224f754d5d4bb9749e2
accepted_segments/raw_phone__IMG_3314__84831627__0001.wav,311084,fa6bec6f7f8acb8a6629fa0e7ecc843dd80ded89444c83208baf40b127238627
accepted_segments/raw_phone__IMG_3318__66fd5e79__0001.wav,547244,bef7fb1a87335adaeb562f8a42132ea13561fdb9f04f308738eda99fa45bc139
accepted_segments/raw_phone__IMG_3319__fd392406__0001.wav,440682,18b9260b4b3ef2d5241add0a1e67c4f9c23d7c74571ea01d19621eda9d022559
accepted_segments/raw_phone__IMG_3325__3a1ab49f__0001.wav,463724,49c3ffac0f426a2ffb34cfea398ddb06be6e3f88279556821b78673d65256fd9
accepted_segments/raw_phone__IMG_3327__bafbdb95__0001.wav,385962,adffc06a1199ea26caa466cce85bcb68f9cb819aa45643669648cd78091c727f
accepted_segments/raw_phone__IMG_3329__00a6e135__0001.wav,717164,b5866148dae48c106c0bc9356d18d4bb366efd638e7ba861b5ccf864de084e9a
accepted_segments/raw_phone__IMG_3331__96b57c9a__0001.wav,328364,7b20f5fe25ed44faffc249a15508c56af80934e11c36611a3cf271348ab31e9a
accepted_segments/raw_phone__IMG_3341__e9102871__0001.wav,414764,0cb0358a4a66a71a5ce24ac7d2dc7f27550e67a5de4c0de9eeb9c1e2634496cc
accepted_segments/raw_phone__IMG_3342__d8fd1eef__0001.wav,482156,eb2f2d3436e37e83665ed8a0d6fccd671b911922ef537b483d7a37ebcac7aa41
accepted_segments/raw_phone__IMG_3350__7fb383b6__0002.wav,334124,87fd3d9e549189abf078192dd51545b37949b5029d35c82075af9447c0e85513
accepted_segments/youtube__40IK-ssaEn8__8fdda3ed__0014.wav,538606,948030882f81ebcf5544a8bde05d75fcd3351ea117f3b24016ec8aab3fae3290
accepted_segments/youtube__40IK-ssaEn8__8fdda3ed__0015.wav,506924,863f3d238a0d903b95cecc1795869afa6f1b8271fe1476e781fb9789d9c9a846
accepted_segments/youtube__Or7HpGw9DIU__f75fd797__0001.wav,964844,8b5d7cb246cd46d7f32e527b17b6f81e5e12e8c7b8e69f9495581b379639b73f
accepted_segments/youtube__Or7HpGw9DIU__f75fd797__0003.wav,1800044,1518e75f1c0fc906c12a1cb93aa520f0de15fec9f39a9d4db73cfc0e3b1e6481
accepted_segments/youtube__Or7HpGw9DIU__f75fd797__0004.wav,1880684,4b25c3c66abe4f8e5b2207c99ebe74ed35a405b0dc94cd0ce3e3b5f31bcfcee7
accepted_segments/youtube__Or7HpGw9DIU__f75fd797__0006.wav,1900844,49398ff7ae5d043bc31362c6dd2728a993b6a4bea9d326844ebd30846ce731ee
accepted_segments/youtube__Or7HpGw9DIU__f75fd797__0007.wav,1707884,33fa63660a5f2a5d2e2a57cbc2be671d65be99a495a980fdda4863c7c8a96e45
accepted_segments/youtube__Or7HpGw9DIU__f75fd797__0008.wav,1716524,374d99b708918d97437f85ed2502ebea6e4233666142906320f9bd489ee001d4
accepted_segments/youtube__Or7HpGw9DIU__f75fd797__0010.wav,1800044,c00259f7f338201a4cb3c89cb899e1446157dfbf3bbeb70d6e57ec7a615e11de
accepted_segments/youtube__Or7HpGw9DIU__f75fd797__0011.wav,1794284,d6005daf564c721cf2e445d2f20173227a74cee4dfd63cee860d19040583146d
accepted_segments/youtube__Or7HpGw9DIU__f75fd797__0012.wav,1831724,ee34217908329b96b1824c9c67ba5b61ae7b0a52bec8e628bd3ee30c452ffed0
accepted_segments/youtube__Or7HpGw9DIU__f75fd797__0013.wav,1929644,eb1ff3e2852668c1c691b36515a737051eb06ff675474e8930ece316e5f00f63
accepted_segments/youtube__Or7HpGw9DIU__f75fd797__0014.wav,1728044,9188325213b7497770a1f099ccbb2562ffac4e132d5c49ac31db7938811dec4b
accepted_segments/youtube__Or7HpGw9DIU__f75fd797__0015.wav,1889324,0be3b3a898c687736b7259a8967b4eeace2df684d1141910dc339da6f4381e0f
accepted_segments/youtube__Or7HpGw9DIU__f75fd797__0016.wav,1163564,460bd1f806653ee64c24d6b72560cc86dad6d477b047780dc861bfb14be10dc5
accepted_segments/youtube__Or7HpGw9DIU__f75fd797__0017.wav,1831724,22003430541af25b1b2a959c2dd5316158d8b2269e29b49cdb8d206a6c8dba97
accepted_segments/youtube__Or7HpGw9DIU__f75fd797__0018.wav,1802924,374db05f3e063e0e072ed22127d225997e5f18c4535c80a543dd0df50cb9fdc7
accepted_segments/youtube__Or7HpGw9DIU__f75fd797__0019.wav,1555244,72cf6df8958628ad89c8375168b73f7a008dc35e3fa5ec4b2185d1320a594751
accepted_segments/youtube__Or7HpGw9DIU__f75fd797__0020.wav,1572524,b9a006d924cb3329d3231bf5d2fdc5c6cef06132501951117f13f05381784b4c
accepted_segments/youtube__Or7HpGw9DIU__f75fd797__0021.wav,794924,2236ab1524de30a1771315499e82d21dc6c993f541e6698b22638a736bc07f14
accepted_segments/youtube__Or7HpGw9DIU__f75fd797__0023.wav,1690602,0c959a24eac1a9ccf0cc73b1f3a1b2b433a4f1bcaa395f996f5db751d8ee0218
accepted_segments/youtube__dLmwd_Iyzaw__22f51b1e__0002.wav,1802924,a4c500a6142b1ffd7a09d5aa913e7611824c929b468c0958875499f7a27a3c1b
accepted_segments/youtube__dLmwd_Iyzaw__22f51b1e__0003.wav,1451564,ef2c1489c0cc29da7b617aec1586d943928f16dbcbb93c7a3d143c40894f8861
accepted_segments/youtube__dLmwd_Iyzaw__22f51b1e__0004.wav,1624364,ecbcdf5b74cf9c436fb9f1d8715f1a504b851e69ab474cd604263169da66d796
accepted_segments/youtube__dLmwd_Iyzaw__22f51b1e__0005.wav,1823084,8391f6cdee7d7ca55eb230f74c36e639a3ea55729ec352116f787b82a03dfa5a
accepted_segments/youtube__dLmwd_Iyzaw__22f51b1e__0008.wav,1189484,7020bb0776517967d99607cc52ca395fb15ae5425d8d705d467b9b4e4d5c3785
accepted_segments/youtube__dLmwd_Iyzaw__22f51b1e__0010.wav,1650284,51787f8b2684f80d897598d9b553b64b5b2f781ac6ea048501670615f359a55c
accepted_segments/youtube__dLmwd_Iyzaw__22f51b1e__0011.wav,1002284,81a1bd4acc7a94c7bd45faa57b85877e2827f84edfe160720d77104dca34c7da
accepted_segments/youtube__hyO9meJVTv0__7d766db1__0001.wav,832364,f87422c396a378d8e945b336a17bb2eed413be27ead92b140f6964bf56f56e88
accepted_segments/youtube__hyO9meJVTv0__7d766db1__0002.wav,1010924,e89afdcfb377e8436407eb072964fcea062e4296e462b5e085383ed308064c5a
accepted_segments/youtube__hyO9meJVTv0__7d766db1__0003.wav,1290284,3c31ff88ac40994d82cef5b60121350a4a0cdda9be90fc59b7b01efdd7954119
accepted_segments/youtube__hyO9meJVTv0__7d766db1__0004.wav,1681964,cc9442ce480d54d950359f9d402d96f294f523980e181cefd9e13df70eb39ea9
accepted_segments/youtube__hyO9meJVTv0__7d766db1__0005.wav,1059884,ec5395d958c3e414b62224af051d2a756e14187c8eecb3b7d700c8203697d748
accepted_segments/youtube__hyO9meJVTv0__7d766db1__0006.wav,1310442,8838ed8573e9c7b4c50fa1c2543d9130b03dfe0157f4939cb551f190743818e6
accepted_segments/youtube__hyO9meJVTv0__7d766db1__0007.wav,1751084,e1b7575ad9b6db438bb9bb3b3607a706d252c6999fc24aa026e2a242fed92f8a
accepted_segments/youtube__hyO9meJVTv0__7d766db1__0008.wav,1762604,ddee762eeeb41958549f42ce3698a69ae6f8bb81f5c4d27c80471ce241bd4c83
accepted_segments/youtube__hyO9meJVTv0__7d766db1__0009.wav,1823084,8566853e43766c71389e8b47787e031d78121782c98e73ef3a291bb958715636
accepted_segments/youtube__hyO9meJVTv0__7d766db1__0010.wav,1175082,e0da16955d2486c3921eceded34adfc20e790893b13e87332fb872db8ba8abb0
accepted_segments/youtube__hyO9meJVTv0__7d766db1__0011.wav,1002284,ff416d4dfe6cd076f769d4a820a199cd38cf5b62002043d2279c305d19acb38e
accepted_segments/youtube__hyO9meJVTv0__7d766db1__0012.wav,1166444,1edb4cd8f18b4adb5f00475bb815bc80fccb5a4b8eebf4d77e602518de5da307
accepted_segments/youtube__hyO9meJVTv0__7d766db1__0013.wav,985006,f4f3c9dd5b346a159468617edc85161ebc499d3f89fd5cbe21902c3b2b2404e4
accepted_segments/youtube__hyO9meJVTv0__7d766db1__0014.wav,576044,a9d6d37f6b93bbaccf6c6a7465e14653163c1a7f2f62d744e1449672b4065a24
accepted_segments/youtube__hyO9meJVTv0__7d766db1__0015.wav,1794284,b76bc7ea6c4a93e929c993cdacb0b99814c940cd260206cc1dcff6cb793c5802
accepted_segments/youtube__hyO9meJVTv0__7d766db1__0016.wav,633644,707b93743662b89eeee6195c1d56497a05d3a33a46aa9903c7184c259e669046
accepted_segments/youtube__hyO9meJVTv0__7d766db1__0017.wav,1298924,123a7792e94e4cd0ddd1489168b46ef3b118a308ea73846e5b61f4c07a2a8ba0
accepted_segments/youtube__hyO9meJVTv0__7d766db1__0018.wav,1388204,1e527a60199d34897a097779b8fe1b920dc66914dbfb54f0f6a627872ca36be0
accepted_segments/youtube__hyO9meJVTv0__7d766db1__0019.wav,1216652,882b16a00e5f8437e733ce1dae8b8c94142317c6e3a1d6a1ae8031a5b7357c75
accepted_segments/youtube__lwNvDtT3Vrs__96ecbf24__0002.wav,1811564,35776c5bc677eccb3be612322e2db61fa010241f4de76d888f12faa2faa51817
accepted_segments/youtube__lwNvDtT3Vrs__96ecbf24__0003.wav,1886444,c786914928d27aa3f203a518b454786a2546e99a5ed107d05273660933225ba2
accepted_segments/youtube__lwNvDtT3Vrs__96ecbf24__0004.wav,1794282,842e93e57704bf62c7191762d24cd4331bd747197076ae27ea9a17abef3104e1
accepted_segments/youtube__lwNvDtT3Vrs__96ecbf24__0005.wav,354284,3737449bd3a4e68fdbf84c2e54c811a88470a19a625e7fbf1a73bf446e4ee467
accepted_segments/youtube__lwNvDtT3Vrs__96ecbf24__0006.wav,1946924,c520d8dcfff385afbca04a4a736b19e06c040c0cc2faeb9851c8b49aec5b434b
accepted_segments/youtube__lwNvDtT3Vrs__96ecbf24__0007.wav,1938284,6bf7607ec70d804ab5cd5e5ab07d4bf7ddd4c8460ced2c814ed5a281115c0d34
accepted_segments/youtube__lwNvDtT3Vrs__96ecbf24__0008.wav,1019564,c18ce135f9945b2a3c4ac76b89d2cf8eec61ab45bdc43753b8afb0d31ce39085
accepted_segments/youtube__lwNvDtT3Vrs__96ecbf24__0009.wav,1399724,f84c1f7e4feb93e1797f2071e569d60e1bad6289f5af1aac8a0d9f5749180815
accepted_segments/youtube__lwNvDtT3Vrs__96ecbf24__0010.wav,1131884,3501c87089db83867d6ccb0c9013b7375d96e2abb1ed2c122304e6c2931bda4d
accepted_segments/youtube__lwNvDtT3Vrs__96ecbf24__0011.wav,1417004,df35661bfb8c59dc0378da6c45527dccaedaf2ff227877bae8b2055a636833bb
accepted_segments/youtube__lwNvDtT3Vrs__96ecbf24__0012.wav,1365452,48ee4fb31287a853396ea817e8432046a2e4996d789d9612d979e0df0e6f4e32
metadata/dataset.csv,366938,1dd5f9cc9c8e9fec018c10d9220d534cfd84fb52d127bb5d002ef57ba60e4794
metadata/dataset.sqlite,430080,1a1e820a5c3bbf7363b92307d463c8c44807ac47e50b90b2b58b8debe1dd5519
metadata/dataset.xlsx,130181,b1ee71d91591043d8eb309fc47ca311793f97478bf82a1505d1aa9f5d9d03b03
metadata/processed_sources.json,51295,1b006d4d925b72e1e2283737c0f45cfaa3b1aaa0991b690f10de1a4ab2196219
rejected_segments/clean_mic__IMG_1728_2__f0885724__0012.wav,743084,31556af874ac08a4889b1dbceafa4cc023fe3eb4a80b317d20a1aa2708a16a23
rejected_segments/clean_mic__IMG_1728_2__f0885724__0013.wav,383084,84626d3f6936a7e366dd8a09855ad6054f5e706ad0cc658d34b24ea40a81dfcd
rejected_segments/clean_mic__IMG_1728_2__f0885724__0018.wav,368686,3835cddebe15fc18d87195a64064d174b103e744273f4546827d206d5e1a395d
rejected_segments/clean_mic__IMG_1728_2__f0885724__0019.wav,201644,821034c1d0a774cf1f117af970d2f20e119b229f608051f43325f3f38abf5ec1
rejected_segments/clean_mic__IMG_1728_2__f0885724__0020.wav,247724,696b84e3299638d9e85b580425524e0c15efb34bbabd5c17eab033670ee0f33b
rejected_segments/clean_mic__IMG_1728_2__f0885724__0022.wav,161324,7d5bc0a7b11f462e26c89b0384de796471a760ffcfcc3d3d252b90bc864ebd10
rejected_segments/clean_mic__IMG_1728_2__f0885724__0023.wav,388846,e8c1cca2e08cc6ec6d5ef2c1ec217d893c72e01467756d54239fb9b972f0802d
rejected_segments/clean_mic__IMG_1728_2__f0885724__0024.wav,339882,3f53b2634681f004d16e12e6a90e2d95c1c18f076b437fb6ce736c6ff2632bb7
rejected_segments/clean_mic__IMG_1728_2__f0885724__0025.wav,213164,0e9d6e0e4ca042ab7ecaf6bbcbd3f3d4e6507f3a658c8c12773391d27e532699
rejected_segments/clean_mic__IMG_1728_2__f0885724__0034.wav,201644,162ac9b7f824361899f591741c1329f15c39b2978dcb5625bbb7b4647c72560d
rejected_segments/clean_mic__IMG_1728_2__f0885724__0036.wav,152684,b5a8c4883426d3a671126b4a217952e03f132e5af77fad94c25d69a14b24efea
rejected_segments/clean_mic__IMG_1728_2__f0885724__0039.wav,100844,1264f10363fb1b22fcf8684e0c42f87258cea9a6f16afb2a84625a2bc4bcca29
rejected_segments/clean_mic__IMG_1728_2__f0885724__0040.wav,178604,5dc8103b16ee98cab40b3ec9875ae827375d76827209727e99b86e35875ca9fe
rejected_segments/clean_mic__IMG_1728_2__f0885724__0042.wav,293804,4794aee270e071ce0d7c05d3eaaa3a431e2a14d808c2d8d75a06e8735b7a57ba
rejected_segments/clean_mic__IMG_1728_2__f0885724__0045.wav,233324,80aab5d1a2d8a601fd6029e3c6e33dde6d1456c6440abd96a4a717f6e70bdc68
rejected_segments/clean_mic__IMG_1728_2__f0885724__0049.wav,339884,b9556d6ec306f1e1320fb7e8225b3e15d86cc6d0acf3865e063dd8170c0921d5
rejected_segments/clean_mic__IMG_1728_2__f0885724__0057.wav,54764,28af3109943593c4ff560613a6aec7afce582eec1cfae54b915e30283d5a492b
rejected_segments/clean_mic__IMG_1728_2__f0885724__0058.wav,74924,142060bfb4f2f24812986ccd7652b9f7e82ee0db6761671fedb21e5fb0074100
rejected_segments/clean_mic__IMG_1728_2__f0885724__0059.wav,63404,5a217b529ad76063a1174673f48d62a20f47b37235564ee5982fa2b709b90f92
rejected_segments/clean_mic__IMG_1728_2__f0885724__0060.wav,57646,10507162a04615a70dd955f3fc1125798a88d0152f5f32423f6d80210ea06ebd
rejected_segments/clean_mic__IMG_1728_2__f0885724__0061.wav,49004,4271049c95a67b08e53b72f05698dd7e3ed3b54c3973adf0d2296990914621be
rejected_segments/clean_mic__IMG_1728_2__f0885724__0062.wav,80684,bfc3589b3e69c5dbab63dab32e32874f54243171da36ee3e9377712a3e18acea
rejected_segments/clean_mic__IMG_1728_2__f0885724__0063.wav,57644,f621ebe8f1e0774d021d493bdf0ec46b512cc531e9baa526f85fce468330982d
rejected_segments/clean_mic__IMG_1728_2__f0885724__0064.wav,74922,76cf8e8d41c1efa4402fba855d5cafd5219e61c37f7972fdca4999d0c760981f
rejected_segments/clean_mic__IMG_1728_2__f0885724__0067.wav,544364,65e6290f2e920a7c99d7373d3a1214471d11cddcaf2f0651962eb881b04757db
rejected_segments/clean_mic__IMG_1728_2__f0885724__0072.wav,221804,089caafe21db1a621055e6cb9e5fd1b33a839e89b2e835fc9cf6e61bedd3fff0
rejected_segments/clean_mic__IMG_1728_2__f0885724__0075.wav,216044,b1acaafe6bf19c34f82bdd1ed0c34e868096e38a33e38abbad6dc2b87ffc4c6c
rejected_segments/clean_mic__IMG_1728_2__f0885724__0082.wav,95084,fb5670f35eb067c6a5d651f188ce5b80f22927ac3748f4f64d714ce5081009de
rejected_segments/clean_mic__IMG_1728_2__f0885724__0083.wav,92204,68b1fb8ad844282829bf363a74e76bddfe7e3845d43fac6a4363e0c2fdf84eae
rejected_segments/clean_mic__IMG_1728_2__f0885724__0084.wav,77804,17eda9197426695c68684fb6dfe2cdda4603db883fb8424ac77725a9edec2f6f
rejected_segments/clean_mic__IMG_1728_2__f0885724__0085.wav,69164,4474e7ee9a47fd536cb1c5eac7078d8121ad9fb1a055e0b8db6d3486115633d5
rejected_segments/clean_mic__IMG_1728_2__f0885724__0086.wav,60524,90a79f4af7f8f507067d3578f42ba57e2f6c0a63f552816f2385ad8f07c1c632
rejected_segments/clean_mic__IMG_1728_2__f0885724__0087.wav,66284,26dec835700f186cb3391e905ff596e0a0209ddf623c68a128ebef5c31b238b2
rejected_segments/clean_mic__IMG_1728_2__f0885724__0088.wav,69164,de9dbbd036638489954067dc215f571a0880f2c87407b059c64c01a1f8d7b44a
rejected_segments/clean_mic__IMG_1728_2__f0885724__0089.wav,46124,052ab57209f83b9beac7a24f6133875d28e5678c1638ab05289747099862c589
rejected_segments/clean_mic__IMG_1728_2__f0885724__0090.wav,714284,f93835bf623cfbe3570ea087554c86a2c34ead75e46d3a043860b1422bb73210
rejected_segments/clean_mic__IMG_1728_2__f0885724__0095.wav,377324,4b98ed2e74eaba555086c1572c8c5cc3c2165ac2d91d400993ae99a3df3cab91
rejected_segments/clean_mic__IMG_1728_2__f0885724__0096.wav,521324,e9bc32e541fe3c740fbebbab4ddcbdb981dcab8ec971f666cc9c588a06236c68
rejected_segments/clean_mic__IMG_1728_2__f0885724__0100.wav,43244,e4cbee3b5faf1f2c6df1cf80d93601c6d104dcde5516fca29a39aa3000978b52
rejected_segments/clean_mic__IMG_1728_2__f0885724__0109.wav,285164,54296b9b4dbaf2a6771e569289e2bb5020c8ac66260ff0a2f225c5d848588965
rejected_segments/clean_mic__IMG_1728_2__f0885724__0111.wav,403244,f1193773a5015b6c3275d5a1c6ba2412a51954d96557738a82daf43938a053cc
rejected_segments/clean_mic__IMG_1728_2__f0885724__0116.wav,83564,c83d4fab53881c84df2e5da7102e401defb6434c312174779c6d1eb07aefb1d4
rejected_segments/clean_mic__IMG_1728_2__f0885724__0117.wav,54762,9330ae6e4092756ae35f8a80f78865f1f528be8131ed19ef39099f0f88aa05bd
rejected_segments/clean_mic__IMG_1728_2__f0885724__0118.wav,230442,b6b8da67ebb5bf6c93b274e836b1c5ed7687f0296e8afd793577aeb3cc862148
rejected_segments/clean_mic__IMG_1728_2__f0885724__0119.wav,72044,c3a5635c6dca72d92d2c5deb0712a8076b2bc04832ce05379340cafcf26d236d
rejected_segments/clean_mic__IMG_1728_2__f0885724__0120.wav,69164,7f7e90b5b74e785eacde6aec5abb119251e5205f765c521fe1c0cf65d487f61f
rejected_segments/clean_mic__IMG_1728_2__f0885724__0121.wav,69164,7e10228a9be1855830648bf1cdfde3d6867a5910eeb42a08b6705642f677a7f2
rejected_segments/clean_mic__IMG_1728_2__f0885724__0126.wav,190124,7ca73360e8847f4d772514da41296dceb03374fdca5d6cee5b17c949bbf39b2b
rejected_segments/clean_mic__IMG_1728_2__f0885724__0129.wav,51884,093ff334c44ab83d4bc0fdd91655690c5ce5841ce2abc31175568ff3c4ef8228
rejected_segments/clean_mic__IMG_1728_2__f0885724__0139.wav,285164,42c585880969fb8ce4c41057f2fb7d44a1fb28aabc8b3c94404c81eccbca6c30
rejected_segments/clean_mic__IMG_1728_2__f0885724__0150.wav,121004,affc21d433c972a0d4ad13ed78d67267d0f4c7ffa8bcae3def78a120aca4888e
rejected_segments/clean_mic__IMG_1728_2__f0885724__0161.wav,164204,3d4fd6fecee81553862ab67e35f503e439c9e71db098a7101044204bcc6ff96f
rejected_segments/raw_phone__02_Primary_secondary__5e6c2098__0001.wav,1702124,8595757e71d48b233eee6cde19c54ab01889a77b7eaf61d40e95214b06d4d665
rejected_segments/raw_phone__03_Tanshi_Correction__339c4f03__0001.wav,1302572,a1b272009feeba241aea3a0ec6821470293774bb5ac625e7029f9e9c90854561
rejected_segments/raw_phone__04_Brooklyn_Bridge_1__b273d8f5__0001.wav,1941164,2600c4a68eea044ab41dfc9bfcd7955294a1bf28b46c82d4fcb3e46fe10a8f21
rejected_segments/raw_phone__04_Brooklyn_Bridge_1__b273d8f5__0002.wav,933164,5ee3af4c4c9eedebc9d33b0f6962bdaced8f28cca3eeb7e31fbe373b04dd7bfa
rejected_segments/raw_phone__05_Banglore_Rains_1__a189b128__0001.wav,1872042,4a49d9943564ece81f2478a5de75c035bc8fd1a4fbde5895005adbf54a14a1d0
rejected_segments/raw_phone__05_Banglore_Rains_1__a189b128__0002.wav,109484,fce2541f7f48a4695a235e866921ba296b7881f4cd4976b3d34e17a3c13d1be2
rejected_segments/raw_phone__08_Chenab_Bridge__2e382311__0001.wav,918764,d794366ee325ad4079ea845d2e7b35dd4ba092352ab7edecb6f0d12d690ad0d8
rejected_segments/raw_phone__08_Chenab_Bridge__2e382311__0002.wav,1463084,f0c90a649ef762dec4999ffb7af766628aeec4d5ee79c2d35035f390591c259e
rejected_segments/raw_phone__08_Chenab_Bridge__2e382311__0003.wav,766124,40278953d6d478745745dd458d2d712d08489d5b5a822a1c7cbd94694e57aba2
rejected_segments/raw_phone__13_Disadvantage_of_reak_estate__2500cb4c__0001.wav,1915244,b2253a4c82eeb3cfdd046bdfab297cfc585868b7e6a788fdf1411e4515c97c7a
rejected_segments/raw_phone__13_Disadvantage_of_reak_estate__2500cb4c__0002.wav,227564,596454032d52df0a21bd1e9db6386d2e2c2d665563d0f799922133b9ed1ab473
rejected_segments/raw_phone__Day_7_1___691237f9__0001.wav,920852,bbe01b303cfb2e55159062d54536649b6d68e0dd00560995ab858b412da84f34
rejected_segments/raw_phone__Day_7_2___ec265e03__0001.wav,920852,bbe01b303cfb2e55159062d54536649b6d68e0dd00560995ab858b412da84f34
rejected_segments/raw_phone__Day_7__a06e31e5__0001.wav,920852,bbe01b303cfb2e55159062d54536649b6d68e0dd00560995ab858b412da84f34
rejected_segments/raw_phone__Freehold_Land-2__85cf6ce4__0001.wav,1309814,cbb1788c3b89d5432f7898aadc1df9b47bedd4c857168b226ed1b44da221fd47
rejected_segments/raw_phone__IMG_0001__202f758c__0001.wav,304334,bbd9bf40691486b3782de522a0bb8011c6eb92f5062e6d941b3f3689f2d643d4
rejected_segments/raw_phone__IMG_0026__1bee7c7f__0001.wav,235538,64d8f45f27168355a0921a6c2bfcfb9a4c78af9c9f5d457c75443861b84a4f53
rejected_segments/raw_phone__IMG_0028__d4b72630__0001.wav,230246,abae96de43771875b5635e421fce5363384e60351cdeca643e89fec06325c946
rejected_segments/raw_phone__IMG_0031__4aa5e48e__0001.wav,222308,cec6c5ec347986ec6a666b8d98a030e63528de5c245b0be77e1d0b2d2bf9938e
rejected_segments/raw_phone__IMG_0032__c1d368a6__0001.wav,259352,e32791c09bde4507ada628e1c58407a30819752abe6b66008c27b7c73f57da13
rejected_segments/raw_phone__IMG_0034__48288d57__0001.wav,288458,0830edecfb3bb87dea153248288908db8c005560dcc47289d6b7203648d2f64f
rejected_segments/raw_phone__IMG_0079__a20f9672__0001.wav,211724,6250da843e8da7e5047f6da06d4d891aeb53a799e1d18c37cb1f4ec962dc0dfb
rejected_segments/raw_phone__IMG_0081__dc6184e9__0001.wav,240830,f19e7d7389b264f1072330cb9545659657dcf9ca5490a1dc06976ef1cdce4305
rejected_segments/raw_phone__IMG_0092__f2cf9c72__0001.wav,777968,9e038a5ff010bea5ae9255c2d0be3bf411181056dfee3b73417e321f85a74fad
rejected_segments/raw_phone__IMG_0092__f2cf9c72__0002.wav,71486,a820f764f6811432d15409905f79395583024f913625462088f1e7a55d72dc64
rejected_segments/raw_phone__IMG_0092__f2cf9c72__0003.wav,689768,c34050e5ac9d4b4a4c469dad53e30b140a85e9a62559ebc32c2c63576809671d
rejected_segments/raw_phone__IMG_0096__14896e0f__0001.wav,116468,03952d9f1c154ab499b13811125a4767274c982533193777b8c1520cc27327fd
rejected_segments/raw_phone__IMG_0097__4d002af6__0001.wav,246122,810ac18859286a45af0938a405fb7d2d0c08d26144a776e0efaa82af49393b05
rejected_segments/raw_phone__IMG_0101__290b80e4__0001.wav,198494,906b1ada1d46d77851d8420e1c28aec92257f4b0b52cabc23f662973245c8622
rejected_segments/raw_phone__IMG_0107__2fd69d37__0001.wav,68840,ac175c692ff5e98e8140d712abf02d3305b6ce671baf33c00a4b0b5fc895f69a
rejected_segments/raw_phone__IMG_0107__2fd69d37__0002.wav,1756988,772ca7f95fd5eca52b96b10f205e74bbf25dfd8ef60530b2d858e783346ec608
rejected_segments/raw_phone__IMG_0107__2fd69d37__0003.wav,431078,9c06efa20912fd07da06f6648e258a61fff6c389b7650ce63fafade7ac96e426
rejected_segments/raw_phone__IMG_0150__49a9186a__0001.wav,174680,b91b573913e8ee7f402a484937f39d2f98a5ee178373af8dc46ef75d6382c9af
rejected_segments/raw_phone__IMG_0151__e1faefee__0001.wav,246122,12b111ca3a26c4fcbfd03c57943d400e185a91747b1b1b900323f30f0f5c0390
rejected_segments/raw_phone__IMG_0155__6eb2dd47__0001.wav,127052,814c22f0f43a69846d931c4724bebaedced992d8cbd5f98c31d7da87581a3506
rejected_segments/raw_phone__IMG_0155__6eb2dd47__0002.wav,71484,ba853341ff595c884db04d8baac2ca22b177235732b46d2af8b0f5c43447c614
rejected_segments/raw_phone__IMG_0155__6eb2dd47__0003.wav,793844,7bfc940680b2bd2e2e8580e6e206152941e4f2e05104d7b0ccf25da4c14aebf5
rejected_segments/raw_phone__IMG_0155__6eb2dd47__0004.wav,111176,8ba9c53beec28aa965f421c19716fbe6e97ac3b3bc5fc73cc93dc89476f72135
rejected_segments/raw_phone__IMG_0157__384142ec__0001.wav,275228,bcf188f14e2ddf93f8bb9c813a9d8457f68ecd6ff3c768d79c39953c2a66102e
rejected_segments/raw_phone__IMG_0158__2734cb1c__0001.wav,129698,08caa9726059b9482e9d8759daacda6c5e1f07ce077e7f25922ff4f4076c77b0
rejected_segments/raw_phone__IMG_0182__3e724401__0001.wav,169388,c99a00e270e632a58f33c0f3185d4926b5627710a125ad9ce8e98eea15278125
rejected_segments/raw_phone__IMG_0329__a860a9e3__0001.wav,291104,6bd08b8bba2c21b02641ee6c3115cb743d376a3718575eeaea93ff9a40f6113a
rejected_segments/raw_phone__IMG_0344__fbe8948c__0001.wav,246122,c5b9831d7ac3eaa17241cd8c2adafa67ed5a8a0ae90f932525317a00f06a58ce
rejected_segments/raw_phone__IMG_0352__6ab7000b__0001.wav,249738,491f09ebac8a34889fc41713fcae2180e35ff145fda14c6f9646d5a5d8b8973b
rejected_segments/raw_phone__IMG_0354__b85b1360__0001.wav,815012,a574f170fe73e076cef326db8fa23dd86675b0bb8d422ab74f862c8a1c3d7a80
rejected_segments/raw_phone__IMG_0355__5519d877__0001.wav,433986,11b36fb6be28be123a9337e8267fa50ddfd5e83cbecc4a96ac77386e2af507eb
rejected_segments/raw_phone__IMG_0355__5519d877__0002.wav,111176,6506a471b4a4f60f090f690c5e8d0274191d1009aa87c06030f20952245d9448
rejected_segments/raw_phone__IMG_0358__7ca7341b__0001.wav,572284,ad4b006f3e141c32341c07dde012ef08cc7fe777b0df4777fe518d9e394a1f85
rejected_segments/raw_phone__IMG_0361__33231543__0001.wav,690650,7175e8297d83b62c25c1fbac3488684d0d39f9fc71d60a670b0369aa38018c17
rejected_segments/raw_phone__IMG_0369_2__73164219__0001.wav,169298,437049391453d0181f1a895d0e35f592493237dc06325ce9b09205a06afa3b9d
rejected_segments/raw_phone__IMG_0370__337b9d45__0001.wav,179972,048c2faa08fe5568d1f0d576ad1312acffff753abc751655abd284c43611bf27
rejected_segments/raw_phone__IMG_0371_2__8b000773__0001.wav,251414,4d0cf8ad62ca623dd76382fd5eba449dc814f6c940d4b497539d11563ea5f723
rejected_segments/raw_phone__IMG_0372__16a646bd__0001.wav,82070,4fb33c81da25445c4d4f91fafc4f06deb2ec0731c7cf403621900470bebfc3d5
rejected_segments/raw_phone__IMG_0380__432a9ae0__0001.wav,336086,a4d7565fc9f9aa5640301bb51ef458ea2347f834e07c890cf391f014e4a61475
rejected_segments/raw_phone__IMG_0381__1beec887__0001.wav,230246,7eff26912b39b6c9c0782f8ee12c1c61da6187aee4ba03de28e53fda1232d404
rejected_segments/raw_phone__IMG_0392__52bf79af__0001.wav,193202,2f9f992708ce6faecbd51869694472bba39ef7ab393332c88ed910587b604c57
rejected_segments/raw_phone__IMG_0404__fd9f8a59__0001.wav,103238,2c28fd18c51233f647ba8a3bdf75309b55beb1411165ac080b0dcd70b7ffb84c
rejected_segments/raw_phone__IMG_0405__525f70f0__0001.wav,169388,6bcfc0950543556e4eaa27494b441094d1cefe1f1fdcc6bc04ad859d3a29a2bb
rejected_segments/raw_phone__IMG_0408__d63be6b3__0001.wav,113822,e446e6161b006c0bace71310f60c6409b8efa14f926b4c0bf32fab0a53ad6e46
rejected_segments/raw_phone__IMG_0412__6cf942f3__0001.wav,224952,b5e4bbc571e8406253636516e1890ccee5608aced367137a2f9abb3dc6ce9b4c
rejected_segments/raw_phone__IMG_0416__7477c6dc__0001.wav,100590,f30892788ff81449cf95f773387589b54f48b152d94ccca7783458e888b814d5
rejected_segments/raw_phone__IMG_0420__e8108c97__0001.wav,267290,b788df57f22dbfd7a46ad7654444e488ddba4a0a8e534a79aad540e33b36e51d
rejected_segments/raw_phone__IMG_0421__f5badc96__0001.wav,224952,ebb811bf8dbc6502365d8ca5c866b15bede250cecb73d03bd0266d0b22eea35e
rejected_segments/raw_phone__IMG_0422__f4f69302__0001.wav,209078,e46a747ef99ee5e0bc98ac5e99e728b807566569685f314ebf7321f68e29ea36
rejected_segments/raw_phone__IMG_0429__832f7196__0001.wav,193202,b02be0c0b710e840bf90955f2ee65a3596e462d28dcef846f5f3220d7bb5aae8
rejected_segments/raw_phone__IMG_0476__dedbc592__0001.wav,222308,3a5c77639d0e79ce24b366ce18d1a875eb7bcae58346789357779d9a235cb5eb
rejected_segments/raw_phone__IMG_0494__592d0ae2__0001.wav,235538,1b5208f6c51273a253478077c5cd09366ea4cc3a5d88ec4e48c8a62ec196d484
rejected_segments/raw_phone__IMG_0496__ee775c8d__0001.wav,174680,5d485ed76038b14c768d967ee3e9fd6a9429e6401d0dc6f28b1bf65d6a8f6fae
rejected_segments/raw_phone__IMG_0500__7e502061__0001.wav,230246,fba897f549bbf6d05d275c46a9075e0f312e3766dbce58b6aaaf2c145e57f634
rejected_segments/raw_phone__IMG_0515__4d343063__0001.wav,235538,dcc2c8c4397ff44b9b62d75e3ab48f8f517ee8189c231633fb11adff070cfab8
rejected_segments/raw_phone__IMG_0516__b88547cd__0001.wav,300972,1bdce630db315fd2cfc7900aba406e82337c7a7551f342fde9a423ae423ab592
rejected_segments/raw_phone__IMG_0568__04de99a1__0001.wav,45026,16cd039e7766f367d3300ffeb358886690e864c963affc46a835c1fb0d9e0730
rejected_segments/raw_phone__IMG_0568__04de99a1__0002.wav,52964,59f4b6467805c8282bd88625e0941deb2836d770593e30781a516cef2f2195f4
rejected_segments/raw_phone__IMG_0568__04de99a1__0003.wav,52964,3eae077f9a2716394138d977ed064e875c50c00432089f0da5eb343db160d25f
rejected_segments/raw_phone__IMG_0568__04de99a1__0004.wav,79422,b7ff76f086fc4c091ded455d2d80276caa3e412d40fbf4ebe1f1495e19dff352
rejected_segments/raw_phone__IMG_0570__438e8151__0001.wav,382214,095cc43b8ac62247afa094b382351de9f7050a6c37afe86c4534e85cf1fbaf09
rejected_segments/raw_phone__IMG_0867__a5d8a48e__0001.wav,92204,b06959d1e27eb019702fedc87427af9dea311047ebf42349c29f950325fa1e13
rejected_segments/raw_phone__IMG_0904__3eab5f8a__0001.wav,394626,19b33ee6697f734274b700e97bbb5720d19d385eeea388fa3fa81d76db65ada0
rejected_segments/raw_phone__IMG_1005__a770f382__0001.wav,63548,6586b6ea501e607ebbc522f1139aebc51c9723cfb1a911e0c81d782d32aae484
rejected_segments/raw_phone__IMG_1120__27074966__0001.wav,271172,1a308ca76d9f079bc4209bb7be812b5b66049c21fe7f29da73c328ccd1edcf81
rejected_segments/raw_phone__IMG_1129__4a4f32c2__0001.wav,232892,11cbd8bd9c1b3882702420b613d763470a8ddd6c1ba099766e93d5049eb70b8a
rejected_segments/raw_phone__IMG_1131__08c615a9__0001.wav,301688,2cf58bb5f8be9bb313e0011d8c4ea43fba04a67edabcd0f14a14917a11fcb427
rejected_segments/raw_phone__IMG_1137__79fb5ca1__0001.wav,211724,8f529b24f985a62d359e7b2cfc0dec0122e011ac75055594b627b41ff1021b6f
rejected_segments/raw_phone__IMG_1138__1a01c324__0001.wav,531890,44bbd46d49a4692bb263b15bb75c74779fa615abe40f33b3f7cf6a04f2190622
rejected_segments/raw_phone__IMG_1139__6ba866d5__0001.wav,227600,39d7a4d654af3383a673f9b2b8d935a228fe0c291d3d3d429c75b3705aab46a9
rejected_segments/raw_phone__IMG_1143__5a7a08da__0001.wav,254060,a96fe87f02f3d88c286a6cc3c2ad1183fa86dfc3f35cd5723a83fd74fec8a135
rejected_segments/raw_phone__IMG_1169__3b905341__0001.wav,87362,0df9d74bc4f4720647abc2ca6b2642a2040ef68b5a9e8cf8263941d1bca53faa
rejected_segments/raw_phone__IMG_1256__b72eb4c7__0001.wav,232892,c7a461b363b2477b8904007bec0ed806250e4dcdb493e2d7bf332dfd4e23d030
rejected_segments/raw_phone__IMG_1285__74aa86ba__0001.wav,182618,c860441217bd9ece37d3f2e17426327dc9528f3cd9440f1f0eebeae9b862c32f
rejected_segments/raw_phone__IMG_1290_2__b06e273a__0001.wav,293750,284f45134625513d66272844c947ac8599d0d99ef6958fe651d656f89ec5e46f
rejected_segments/raw_phone__IMG_1315__4f029f7b__0001.wav,904652,3c2e209ba072506063b01005a2f95245dc394a97483b07b92ad1af6409394eb5
rejected_segments/raw_phone__IMG_1317__5901be5d__0001.wav,798636,f09ee1753d391d4b075affbf0194a881e63405e574fb7645f0459c7e46aeba90
rejected_segments/raw_phone__IMG_1319__af87bc21__0001.wav,538604,f793f27c3b960b06f7318b409be1e2e3466635fb500b48b5d810cebf52338d74
rejected_segments/raw_phone__IMG_1320__13bcf927__0001.wav,362924,03665c4d95e862df7180d00329d9b9f5d6f4d98a13d7bf65ecb689788340d5e9
rejected_segments/raw_phone__IMG_1321__c44d29b7__0001.wav,288044,84ff9c8ab33bfc6617456b50dec499dcec32b4b0e02bf43d7e5db2ea4e98ca88
rejected_segments/raw_phone__IMG_1321__c44d29b7__0002.wav,146924,c36dbb2367766d78671d57ae1540a7ff2ec1d7b84da8d5d4c9b6c0f0471ff707
rejected_segments/raw_phone__IMG_1321__c44d29b7__0003.wav,325484,c8f79d93251a94f98c4e94418b888a3951a8bea57681582c79199701f643a3fe
rejected_segments/raw_phone__IMG_1321__c44d29b7__0004.wav,47756,1dbb76c4b3eb07909621fa55101d408315a7c55cdc3551600d35dc11b40c9563
rejected_segments/raw_phone__IMG_1323__2d71b013__0001.wav,260012,e2e4e3d13fd8c57ab55c8caa8d326a0e7b0814c519526f7c7d6ae117ce7b8b70
rejected_segments/raw_phone__IMG_1326__f1e3095b__0001.wav,931724,818e8dbc350693ee42b707e9251a5915e19ce2f45c144f22f624cfbcf53ee50b
rejected_segments/raw_phone__IMG_1327__5f26a8df__0001.wav,420524,d08049e844db8d967bd2fb40162976e79ecf93c4691b4d869a5a1e30e2b03f38
rejected_segments/raw_phone__IMG_1328__b44130ee__0001.wav,195884,ba80e34907d644a1d941cfdfebddd55bf3ee8542d3d69a5e2d1da29bdfc46ddd
rejected_segments/raw_phone__IMG_1329__c91ebb9a__0001.wav,260012,77079121733c3460b97402855f4af7e49d22defdbde946ef39ae098c6e07e56b
rejected_segments/raw_phone__IMG_1331__d552b1fc__0001.wav,718764,a20a3f1e4115bd3d1bfc97b50edc8785a32a30cbec69912c0eb5b9c80778739d
rejected_segments/raw_phone__IMG_1332_2__d40794c8__0001.wav,827276,53041f5bc12a9f0ae60821c32259354c4f79ef7aa4cd5d31d53f7f8211021dd6
rejected_segments/raw_phone__IMG_1333_2__5ab20b6f__0001.wav,630668,581f5870d83cee73306b195f298024190725d061aac180768f9043acc65f1e26
rejected_segments/raw_phone__IMG_1356__92d78436__0001.wav,401324,65ede5da4eff8b95a7d48b820bc9e9d546f651e042928d2bff9edfaedbe97bf6
rejected_segments/raw_phone__IMG_1357__1e09f2f7__0001.wav,630668,bfdde020a367090dead5993a51aa2811418d032ebacd495a0486c28ac3cea9c3
rejected_segments/raw_phone__IMG_1358__85721813__0001.wav,511916,655250d622d16356553740b9b5f30953a05f42d95aa691ef2e52312926e23e64
rejected_segments/raw_phone__IMG_1370__68b5a0d7__0001.wav,374444,69afa0071492573a72a8c602367855e1ed63aac85ca48d0cca1a67a691a7a9ea
rejected_segments/raw_phone__IMG_1370__68b5a0d7__0002.wav,461868,2a3154b868be90c2db9c39a9d93732e117952733a60b55f916d7b2e479581c89
rejected_segments/raw_phone__IMG_1371__885f0743__0001.wav,106604,8eec8fb75ebaf6014ba8ff383820306cadaff1e1d0a362370d77272310c259f6
rejected_segments/raw_phone__IMG_1371__885f0743__0002.wav,390092,6e77b17e067fdd85cb08a1b3feaa637e4bf5fa9c63864673a013f8f918baacf7
rejected_segments/raw_phone__IMG_1372__d4af4fd8__0001.wav,49004,93c965d0292bd52a56d425a7914937b99012b359c9068e030ebd3ee0ae813211
rejected_segments/raw_phone__IMG_1372__d4af4fd8__0002.wav,1243628,71f978e97ceee385369c147f8402dfd62008bd009d12e75c4007fba981eca328
rejected_segments/raw_phone__IMG_1381__bbc46556__0001.wav,39734,d2d058d0445bcc377d1429c2c547ab5d3aa37cad04e848904feb1ec93fb3be21
rejected_segments/raw_phone__IMG_1391__21e27db3__0001.wav,213164,5d40f8648f0f27661956b4123a14c5afc021ad7d99395ba6ab0ab10239033fa2
rejected_segments/raw_phone__IMG_1391__21e27db3__0002.wav,149804,6ce58ba89fcfc3e93d212b0c206162ce1623135172b2c4bbc622d9ad3a36df3e
rejected_segments/raw_phone__IMG_1551__593d2d38__0001.wav,126764,b6b961726a8502fb5af3ffa198c763c525855082bee8c847540e16069163206e
rejected_segments/raw_phone__IMG_1551__593d2d38__0002.wav,109484,f56fa1af69ca00e8a084ebf64d81f3ec48bd6962cf88da06074e6d1c4cb2b122
rejected_segments/raw_phone__IMG_1551__593d2d38__0004.wav,230444,4b954ab09785a939c7133be583b6142bb4f53b4c2bfa7cf07ce6b8583fc94ae3
rejected_segments/raw_phone__IMG_1556__0d9a9bba__0001.wav,141164,5a22e83777cfea49da530c5999c218ac56f637fdd9cb98bde3f65d07a283443f
rejected_segments/raw_phone__IMG_1558__51b2e373__0001.wav,72044,8828cc6be7be52ea7a168297c1b98beb9bbd17c2e2fe9da41a5403d800ec0738
rejected_segments/raw_phone__IMG_1558__51b2e373__0002.wav,72044,7b46f40850c41f74ccc6493387e4ba013ad082cc578ffe7d5f5821514dac7c0f
rejected_segments/raw_phone__IMG_1558__51b2e373__0003.wav,184364,f3703d9331325b6acb9e8d00b3abb1f79c9c4117c1c0f8595a35e85e9690cd65
rejected_segments/raw_phone__IMG_1579__1643a950__0001.wav,914678,07eb8243d41ff31286d08e55a14de8fec26e286bf86de4de851aa1d544402ca8
rejected_segments/raw_phone__IMG_1581__36c82e47__0001.wav,258734,d6e50289042485e5de87e889c8f049bbda5f3698f6c42f13c3b305d741279715
rejected_segments/raw_phone__IMG_1657__215e541c__0002.wav,74926,f2ea2a86c73e4da0d4a98f21dd43e2467129f647fde476830d01f7c6281d1de1
rejected_segments/raw_phone__IMG_1659__ea168cad__0001.wav,273644,e6d16bc0b19a6675e2271d006eac845ab246faacec5a544763571dde0643953a
rejected_segments/raw_phone__IMG_1659__ea168cad__0003.wav,51886,b3c6d60a7aa92d0e3baf2867331d7d27dfd007cdce9fc4a1f10c6e2fab0aebc2
rejected_segments/raw_phone__IMG_1660__02f2d955__0001.wav,423404,650ae87ea3e87539c52dc5443c91642701def15791ef9310bad9e0fb04837fec
rejected_segments/raw_phone__IMG_1660__02f2d955__0002.wav,86444,dd6bbc4204a248e0a0b66c515abe5fda57aa61d0caab058d4369aaefeb0fb9ad
rejected_segments/raw_phone__IMG_1660__02f2d955__0003.wav,221804,a4946e2f6e47fdcb9b548e0294ea0d11aba1782eac0327df5ebb04b003f3905f
rejected_segments/raw_phone__IMG_1660__02f2d955__0005.wav,129646,6e8a57f91a48d3b1527559c67ff6da328f89d7a3f7a10a84310e6cea1d27853a
rejected_segments/raw_phone__IMG_1660__02f2d955__0007.wav,57642,b74ca7dfc5ff3aefb3a34770b40dd26d17ba578845b6aa4e56a3724b3ca04e26
rejected_segments/raw_phone__IMG_1661__a29605c0__0002.wav,106604,cf7f284eb26534a2db9846723c9404630a7ea52b4c3145d41405aff6c43499fd
rejected_segments/raw_phone__IMG_1661__a29605c0__0004.wav,109484,10fc5150072e4b6f375beaf08aba20ee79a254fc6f4762414d64bb486ef52b9f
rejected_segments/raw_phone__IMG_1691__1abbe311__0001.wav,180558,c3b12c9f15747a4634d887bd055c24a7a7f8ec6e1405ea224cbdade4d20ae02e
rejected_segments/raw_phone__IMG_1692__b4029756__0001.wav,187910,2c9e0bff68f9a88c4df27f90001865e5a935576c92e110903d7841db252712c8
rejected_segments/raw_phone__IMG_1693__e97ff9d7__0001.wav,201138,e94275d12581ef0057028d2b36f79e3cc3da184f5fa4eefaeae2f708cb72597a
rejected_segments/raw_phone__IMG_1695__a42ca58e__0001.wav,198494,1ee7a2398662b3b7dc7edc2bb6574ce0001a61750bd1f4de6c97ea610ae87795
rejected_segments/raw_phone__IMG_1700__f5c52dbe__0001.wav,209078,1117c5f9ef2df3917430016192b8460f6ff4be6cbbf456f1d98a24671a8dfdd4
rejected_segments/raw_phone__IMG_1707__3b9b4156__0001.wav,92036,2496368b0eaf123e1f213d35a1ec62bb0f1db05c76fee955036617e7bdb25e60
rejected_segments/raw_phone__IMG_1708__b4045e29__0001.wav,195848,b4c74ff7578471f33e24d020e7c65acc6100cdc5f26c0838a01968894d4fb45c
rejected_segments/raw_phone__IMG_1714__6ccbfd9d__0001.wav,66194,501b59f2b9e63edc82a9114926a8eaf2a33e5cef35142263b15d7f95cb22d8f2
rejected_segments/raw_phone__IMG_1714__6ccbfd9d__0002.wav,95300,5ad531c2ed9255cf6b407d0e99ffeee1fa588b98d45d63689b9886a1fccb72b9
rejected_segments/raw_phone__IMG_1715__feb42e80__0001.wav,354608,ba8b818c51af83fe5e3db855470cbe6e09d170c9cf58e411735c46a8dd88b425
rejected_segments/raw_phone__IMG_1715__feb42e80__0002.wav,976418,f0d74561c8bfcef939ed9bc1f3838591531d936f930190e7ec4879f119c79b38
rejected_segments/raw_phone__IMG_1715__feb42e80__0003.wav,126656,afaae4023aee6cd195774f4af45f443c19c1655c3def6883dd6656409d8cfc00
rejected_segments/raw_phone__IMG_1716__b6eb5645__0001.wav,530348,2790aafbb8a925d46013d588e30ba129729a0c0e436b55ef98285cf6d9ad2aa9
rejected_segments/raw_phone__IMG_1717__b9ce8dc3__0001.wav,45026,d8b04829fdf51450533b4ad34756318592dd28ba61bdf3e2f65739cb871cd061
rejected_segments/raw_phone__IMG_1717__b9ce8dc3__0002.wav,90008,1f7b52558bd1c94f5c13f95e734af8f6bf0305e0c12881abe9f1fc9159c4fbb7
rejected_segments/raw_phone__IMG_1718__2502023f__0001.wav,295514,1d4b4ea738d098715f6f2c81c0d7f67faa0b55154262d09f9382b7681f09a1c7
rejected_segments/raw_phone__IMG_1719__5001c8a9__0001.wav,125904,8c4c14239fab7ea99b7a975e32b87ec67da30be6455e8dc49e226ab560cc81ea
rejected_segments/raw_phone__IMG_1720__610aa09d__0001.wav,174680,1632eb3eb5a08eb1b5559b435c5549fde1266590c09df7f7f41c7ec9a12e1ceb
rejected_segments/raw_phone__IMG_1730__6f74e528__0001.wav,246122,ea0ed335f8dff23f5d0dcaa405e99df4cb75833b018b542fe6dd1b83ccdafdc4
rejected_segments/raw_phone__IMG_1731__a825ff39__0001.wav,367484,cb25c0237919da5926cef68ba4cce71706a5544102d139fdc9caa969a284d8ff
rejected_segments/raw_phone__IMG_1734__b5812c96__0001.wav,186284,3b587c429d989277ada58f1b7d02f87e3895bb66a6857e36659dd3fafb5a65f9
rejected_segments/raw_phone__IMG_1736__ca3fae87__0001.wav,206432,bb9bafe7d7fd2926b8080ee7c4691cac5aae048ca677a741f098fcfbc486b398
rejected_segments/raw_phone__IMG_1737__76a93676__0001.wav,101030,cf38f3f04f95d10ba2a516def5943cafa8938003edb0973fd1c7ca12568df2f2
rejected_segments/raw_phone__IMG_1738__ceab28d7__0001.wav,209078,a680ae89f9383de04744dd0d5bd254f936938c49870ad4598eb060a110e93cb0
rejected_segments/raw_phone__IMG_1740__2c14f913__0001.wav,201138,89dc37074b9fcf007341b52bd34585ce839c462d5732b3bd0f1b478c53e93676
rejected_segments/raw_phone__IMG_1823__b3dec340__0001.wav,83564,040e2d7743e676c00d401860377dce1f959dca526192a3a222b56e13ad14cf93
rejected_segments/raw_phone__IMG_1841__c4b2e4b8__0001.wav,313964,a1eb47c354a7fe3e6f0d2eabcbbddf2a101358a916b41d278c35bbb94d9290cd
rejected_segments/raw_phone__IMG_1842__562fbc30__0001.wav,290924,5888d50492a837127389e556525cf7caab84e3e45626fa39c536d2b5fd564633
rejected_segments/raw_phone__IMG_1856__3caa5bbf__0001.wav,74926,43be22917e6ed76de1e486165a3f6b3905fef35a7d967f7533ae346b842352e9
rejected_segments/raw_phone__IMG_1856__3caa5bbf__0002.wav,74924,af20d39cc856917984b966699d6a79cd1b91e06af18f2deb2e59fc9233ec30c4
rejected_segments/raw_phone__IMG_1858_2__38b6746e__0001.wav,77804,8ef371f94d1f2649a89f206f7ce781f28abe626a6eca1b8b605a90935ced5e03
rejected_segments/raw_phone__IMG_1858_2__38b6746e__0002.wav,167084,2301b22094603871894d4a2191d697a4160f91b847009778433f7a782407fb26
rejected_segments/raw_phone__IMG_1858_2__38b6746e__0003.wav,141164,706e0277b182da41194988f317bb854eca072ad53892f78607196166951888d2
rejected_segments/raw_phone__IMG_1858_2__38b6746e__0004.wav,210284,0a9148cbee52bf57cb06d5999856cfa80b8a8351cf2cfc2f77e01022791c1962
rejected_segments/raw_phone__IMG_1860__17163cb0__0001.wav,518444,1df1af3f6fcaba0357c5db5decd72a2325038a025aee14241910b762cba01d87
rejected_segments/raw_phone__IMG_1862__c95af117__0001.wav,1393964,eb5294da9682a8d1af3da9db2b9f9ef4cff7306300a1a60e3c4bdd6748577980
rejected_segments/raw_phone__IMG_1862__c95af117__0002.wav,43244,8b6f8c2fd02426161c3b338fd4d7c311ddf291e140e6b243195271f2fc917360
rejected_segments/raw_phone__IMG_1862__c95af117__0003.wav,126764,7750edc1c695b684a6ca96022c92950b8e59950df40f9aeea829b7a8f3cdf8f7
rejected_segments/raw_phone__IMG_1877__433a61c3__0001.wav,976364,2dee57f1e9b1bba78639ac34de34ad6972defe648201257dc38489be19e427a5
rejected_segments/raw_phone__IMG_1884_2__8bea2222__0001.wav,563084,6f662901b4d1a2b471324ffe6c197521c01e0070a9ee6c20dc5616a5e68a6a4e
rejected_segments/raw_phone__IMG_1885__42706a10__0001.wav,349196,006b792e71744b3fd2060d51d211544d12288fed95aeead16177c327e2abc8e0
rejected_segments/raw_phone__IMG_1886_2__0afa6826__0001.wav,1059884,b858256aabfd15e69aaa8cbe43a075f7c1a15b911a93917319f9f5e1d61e3f9f
rejected_segments/raw_phone__IMG_1887_2__2faed878__0001.wav,614316,9f0899f0709b61bb6d579b001176c61aa92a8a3b19bb788bbdcd3f8aac7d78dd
rejected_segments/raw_phone__IMG_1888_2__8ab5c2a1__0001.wav,250604,d37a5d95cd17ce5073cb905b0f41dd3ce4aad8b92d398746d8ecde5d1f0fa672
rejected_segments/raw_phone__IMG_1889_2__67ad60eb__0001.wav,524204,e975a4ab0adb942ee823eeb5bcd5035f1e643423e6f335d6c1d97d7121da7d0f
rejected_segments/raw_phone__IMG_1889_2__67ad60eb__0002.wav,187242,d1519e201ac33f9fb52b74289c921f69e267ec799d926f13ef7f07bcfb250e2f
rejected_segments/raw_phone__IMG_1889_2__67ad60eb__0003.wav,322604,ac6da80e28f95c7a560aff7a08c65689a7b160dc296f39e105ee6f97c16d8d29
rejected_segments/raw_phone__IMG_1890__9ffe1af9__0001.wav,54764,55d9cbd2d80e476f190a0bf613a77868641fa5663908420c31d9abc8ed1e84cf
rejected_segments/raw_phone__IMG_1890__9ffe1af9__0002.wav,593324,ad196a44c317d0e59df9f9dcf9ea4c93f80bb178f59d532bbf7649972ace4d95
rejected_segments/raw_phone__IMG_1890__9ffe1af9__0003.wav,322604,5a1c2fa56c32a3f8a0e60955a2fe0b928ce61ba7ea3e052507a3e2ad14380134
rejected_segments/raw_phone__IMG_1891__22ad2642__0001.wav,561644,c6d2a1728859d6d9ed6b9f5484ed5682fda1c6c5a4750a3f28d9c1f917b404a2
rejected_segments/raw_phone__IMG_1892__9c363145__0001.wav,285164,766e6ba2d25d2db59e9df3d628375b7c289505ebee54b70573f7ecff02fe8c5c
rejected_segments/raw_phone__IMG_1892__9c363145__0002.wav,402540,415bb56652ba1e820491c8f64647a3c4645c2f9364c8c3d86d7f648a637f7414
rejected_segments/raw_phone__IMG_1893__29112a8f__0001.wav,602636,b05a0171937534ce41376d465b6cb4116e5a8260d19436c2cf217fba9330d8d4
rejected_segments/raw_phone__IMG_1894__d97eefc7__0001.wav,578924,ab21c6fc7947df98a3dd3ae5ab937372edeea9fe2964f60db645310de906b019
rejected_segments/raw_phone__IMG_1895__0b08ec90__0001.wav,1028012,17681c972d069371229fb4234f02f13f2b33bb0615cdee3a3a9977637b9df847
rejected_segments/raw_phone__IMG_1896__52eab193__0001.wav,77100,22c802fabb8777d3e275a11af7eb684167ffe34e83dab6398f0ebb412d5c4e27
rejected_segments/raw_phone__IMG_1897__fc9bb773__0001.wav,371564,de3178de5e6c9103cd6a90c9a98295aca0c8e45f001c3d72dad5fae18f95e797
rejected_segments/raw_phone__IMG_1898__2861321d__0001.wav,616364,5691a7f38e7e8c828ab7a934fc7c8cb6d0ad24d8fe54b5cf849b9303f3a15c8f
rejected_segments/raw_phone__IMG_1899__445cee4c__0001.wav,313964,8635f9e898ae7867461e02be457f2f9a0fbc48df06f0f42ff6c78f2463e102fa
rejected_segments/raw_phone__IMG_1900__b261251f__0001.wav,360044,7752cbf20a8d1e2d5c980f7189cbd94bd5dd76800f8c6559fb302608761ec60b
rejected_segments/raw_phone__IMG_1901__7dc8e147__0001.wav,325484,39995c2d08f4663c838ffe7fa69e1ce50ae3bb4b464e8a0ad15a5371a35fc029
rejected_segments/raw_phone__IMG_1901__7dc8e147__0002.wav,80682,6cfb92ea9c53e30df749892892be95ff85c558a0044810c25ed7efe37b144658
rejected_segments/raw_phone__IMG_1901__7dc8e147__0003.wav,296684,e1022e9694bd2b9fc9329af105974cf950640b6218d286d3aca9d64999cf102e
rejected_segments/raw_phone__IMG_1902__331b75b9__0001.wav,253484,055a8da657dc4bad3e0b365127b989ad3444325582983bea967ba0bbf77b5719
rejected_segments/raw_phone__IMG_1902__331b75b9__0002.wav,80684,b19d6d1fe66feb9e63de06a38697fe2fc513af3d6ae1f659fc4b4ec4fc0ef703
rejected_segments/raw_phone__IMG_1902__331b75b9__0003.wav,87692,161bf99701cb173ca6cfb25e1db4550d2bb431346f38e243fb821d919a101f70
rejected_segments/raw_phone__IMG_1903__fcf51e55__0001.wav,66284,ef52d5aefa66b7cbb312fc1227e09e3724470d84ade774eec640388ad0ea2256
rejected_segments/raw_phone__IMG_1911__1e3b1a5a__0001.wav,66284,ac256bb85fb9e8ed8f682052e29b04e7aee50a74d3d913c99b6b21d2c52ab04a
rejected_segments/raw_phone__IMG_1911__1e3b1a5a__0002.wav,77804,bd9dd6841442a177a3ea9db7e668ef1ee1c18652ce1c74ff2cff9b875d0dee74
rejected_segments/raw_phone__IMG_1911__1e3b1a5a__0003.wav,302444,67c6d5a34f8ff230fa589fabc5cf445c5505ebd668422c4bc9f63409205e106c
rejected_segments/raw_phone__IMG_1936__0e523f8b__0001.wav,1534722,d9a33834580710c02c034e127823b66fd0c1fb5ba5a93a46d9333ad3cd7e7d85
rejected_segments/raw_phone__IMG_1936__0e523f8b__0002.wav,979064,0667415fdb6817f14e6f86da0c2f8ee37dcae061067a0fb82ad37320352a94c4
rejected_segments/raw_phone__IMG_1938__d2b3bb17__0001.wav,43244,76e33dd26869d8b0563c6a128a6c72d2934b04953eaa338e46e524acf4845b4a
rejected_segments/raw_phone__IMG_1938__d2b3bb17__0002.wav,262122,8bf5608ccf96e637eb27679c72a3cda9f7baaaee7ae88560c72c6442e78cf997
rejected_segments/raw_phone__IMG_1939__c6ae83ca__0001.wav,43244,b13506aaaa1a26904277c4869b2ac20eae8436a43655e1d75d027e832742f337
rejected_segments/raw_phone__IMG_1939__c6ae83ca__0002.wav,244844,4c69de82aaf50f249b058464cbe9840700b15b33b74ffcec813a80754ecf6cbf
rejected_segments/raw_phone__IMG_1941__d8d0711a__0001.wav,112364,120e4ec73534c32bc2a4b659eaa4ecb81acaf03693a0c38474b0f11f1cca286e
rejected_segments/raw_phone__IMG_1941__d8d0711a__0002.wav,166122,240374ad1ec1bf8a2194249296b6379223d866b4a37be5e183236e18681f6f6e
rejected_segments/raw_phone__IMG_1942__ae5c1db2__0001.wav,57642,8457f472bea93d6617b38b5ce2d7997404cdad8e348661db62e47f0408b63310
rejected_segments/raw_phone__IMG_1942__ae5c1db2__0002.wav,178604,579a163a66f13479aad4366d95c30b51e8f12d4d2ce958a80c9130cabc987841
rejected_segments/raw_phone__IMG_1943__6118790e__0001.wav,380204,f510e2f459e271bbd1a6e8ba13e47b1698f96d1e2b78ed3225a6d63c58652ba3
rejected_segments/raw_phone__IMG_1947__e40a9b03__0001.wav,144044,92c3039a322864e812839c236bc42efbac83814cfe80407caef0f24564e66674
rejected_segments/raw_phone__IMG_1947__e40a9b03__0002.wav,353006,3503babc3e10d67a07acff2ed6cf4a1fdd779ccb1c962bc058cfa9dfc8d8c5ea
rejected_segments/raw_phone__IMG_1948__8ddee0db__0001.wav,132524,86eccf20d77d41ecf7e9355bd862b281e08dadf6c331b049b9f4629a50d39951
rejected_segments/raw_phone__IMG_1948__8ddee0db__0002.wav,83564,5a733de7182c14638c0fd10c1e8a2883c2a4873dfb1958493b4ec45a81c6ea60
rejected_segments/raw_phone__IMG_1948__8ddee0db__0003.wav,993644,e952a6fd4a0d68fa31c20413f51997d1aaf87265ddc1e1754bbfa5727a531ee9
rejected_segments/raw_phone__IMG_1949_1___45596492__0001.wav,478124,21ba9b7603561cacd1f02a3942b324eb2e6951e678797368bf3ddbe3fa57cdae
rejected_segments/raw_phone__IMG_1949__990c0542__0001.wav,478124,21ba9b7603561cacd1f02a3942b324eb2e6951e678797368bf3ddbe3fa57cdae
rejected_segments/raw_phone__IMG_1952__54145b35__0001.wav,43244,a4ed6f29fdff671bc0031fbdd29d25d118519baf85f2db77a3a5a39180f33c27
rejected_segments/raw_phone__IMG_1952__54145b35__0002.wav,270764,3e928b026eb636fdaaf40a8b9d4c362d5f9bbae0beca677082efbf37ed6efc8d
rejected_segments/raw_phone__IMG_1959__629208c9__0001.wav,754604,2610bb339c69eb6867dc982d4b9cf995b9adde50131b72cc066cfd4d66f808fb
rejected_segments/raw_phone__IMG_1959__629208c9__0002.wav,149806,94f74e4dc70449b4b50bf24b470db76cb6ecc004156aac118dcbd67f50524f9d
rejected_segments/raw_phone__IMG_1959__629208c9__0003.wav,262124,12b08e2841c72fb1572400b2e49e88fe2de9c61e37ffcb876be0f4994ee4140a
rejected_segments/raw_phone__IMG_1959__629208c9__0004.wav,112458,38da97faf0525a31eec6b7286b6edc79a173d34b2317fc99a85a7cf2c8bc4230
rejected_segments/raw_phone__IMG_1961__cc16ec87__0001.wav,31724,320b3ffdbb3f104e9d7535f1af740b45411707baa9b688b9c9226a8fe123d795
rejected_segments/raw_phone__IMG_1961__cc16ec87__0002.wav,1897964,ba6edded268e7f6f190e20774535ecb61ca2ea692dd75ef7918f01290b8d7352
rejected_segments/raw_phone__IMG_1961__cc16ec87__0003.wav,645164,a3ecd0b9d4ab78105f0e9c125eed17a387a3423b2bb89513e5d32bf5a1f50d08
rejected_segments/raw_phone__IMG_1961__cc16ec87__0004.wav,1630124,cf45f1ffb1e3784b86c0968291fd2cc6eed14c7f466449cad625f6d24a4211bb
rejected_segments/raw_phone__IMG_1961__cc16ec87__0005.wav,1722284,8d68d91bc8454b4e28db048ce9bbfa97ffeedaf22254042404c1d1ccfd037494
rejected_segments/raw_phone__IMG_1961__cc16ec87__0006.wav,1005164,26261c6ffc2b2bb4d6be66ef2a444abbdd6a570a43226cbe81b053100ad9e94c
rejected_segments/raw_phone__IMG_1961__cc16ec87__0007.wav,561644,0ef398e772465a2cf9401573c208e092254c05a36147543f65aaf8e1a6d2197a
rejected_segments/raw_phone__IMG_1961__cc16ec87__0008.wav,1733804,fe0c9bc7d4292af4ba0fdbb3cc0d7875ca12e0720d949cf5f182dc6eb8a3d86b
rejected_segments/raw_phone__IMG_1961__cc16ec87__0009.wav,2027564,9c92b03910e1904c9079a9c96906a3a1fbe63561df9f62f2a88afa5b40300692
rejected_segments/raw_phone__IMG_1961__cc16ec87__0010.wav,1437164,c669df5a41312024b62a21568637a172ad8ab21ebd10113b8485a2fbfa9237af
rejected_segments/raw_phone__IMG_1961__cc16ec87__0011.wav,1451566,fcf2c469a544c2a4c40c857a4ca085e2fbcb3e12c8bc1b78916479cfa949f165
rejected_segments/raw_phone__IMG_1961__cc16ec87__0012.wav,1814444,f892d163dd04a2ead6319d76137a9c889be17a725be6afa340ec708b70333bb6
rejected_segments/raw_phone__IMG_1961__cc16ec87__0013.wav,1768364,ed8b107c99260c9127c501decbca9b4060a55ff076e3f5ad214ba8c6f659e8d4
rejected_segments/raw_phone__IMG_1961__cc16ec87__0014.wav,516908,f2ead2d6c94447a447929974055cc4c01e9d11446afd8400a9388f4e9abb98bd
rejected_segments/raw_phone__IMG_1980__fea7af3c__0001.wav,518444,d1f7690aec9ba0b1b105e17d24be4049c6ac1f29e5942056b4d3e4cae6efe42c
rejected_segments/raw_phone__IMG_1980__fea7af3c__0002.wav,1892268,c967e538a33ba1f13760ef0232ff5dade513d3815413ea999cb8a040eb28209d
rejected_segments/raw_phone__IMG_1988__9417f71f__0001.wav,144044,97a3290b141ceba6418bed5f82390c07edab27eaedbf5b462278b6911499b11e
rejected_segments/raw_phone__IMG_1994__5bf72f4e__0001.wav,644396,39bbe6052fd7d3e95162bace668bc04906fa3aea67e8be64245f23535a2dbd71
rejected_segments/raw_phone__IMG_1997__16752811__0001.wav,296684,b82067fc0c5c19d54689b5acb8407ad3595af1820f3eef3e24be5145a362c97c
rejected_segments/raw_phone__IMG_1999__2d1adb28__0001.wav,337004,9cc59e4f41a81c498dc6e91d5163e73a955908c0eb5b3caf409d333a21a5bee7
rejected_segments/raw_phone__IMG_2001__23f2aef1__0001.wav,437292,0f0ca211979fd7b159d5381a3821ebf4bfbae29a8e02bb626abd66ed49119e74
rejected_segments/raw_phone__IMG_2003_2__3b266390__0001.wav,576044,d1b4faaf49d7be98e284ad7e6332f80c9b167d8fc5563ddc21b29861e8c7613f
rejected_segments/raw_phone__IMG_2003__9df4b936__0001.wav,784934,1b1db708ce0fa20b47a6a2373eeaf457c59ed3e600ca4b9ef2d8939b466e6a53
rejected_segments/raw_phone__IMG_2004_2__73fd9884__0001.wav,351404,049af37efca8f282d88a5627a6cfa0f109f0a6e8f8df8922a0bccbdb3950ef3b
rejected_segments/raw_phone__IMG_2004__162ce63c__0001.wav,514490,302d040e1e987597a7230d766667e0077f54c53a03dfc7ff441a7887e8589fea
rejected_segments/raw_phone__IMG_2005__65b99d50__0001.wav,452204,87ee65ede33726f6c1d1437fcdf14a183fd758c3e1094a7f009d60d600d7130d
rejected_segments/raw_phone__IMG_2008_2__5094c932__0001.wav,608172,ea8ce67e580f7375b2300553457b76a91d578ddb9226ca8e56693b4d6e0c2aa8
rejected_segments/raw_phone__IMG_2009__57758f5d__0001.wav,466604,4c5ee96f93d60a8c2817c4fec6e1397c27e697fbb9f7bf2794eea10403ad6d99
rejected_segments/raw_phone__IMG_2011__b596cac7__0001.wav,423404,cdeae37826d2ec2549a7a3469d9a8171779fbf9ec3c389c7421d70a89eb6b370
rejected_segments/raw_phone__IMG_2012_2__49a314d0__0001.wav,218924,702a0d0dcde8d9ec23acf1f55b9e6040df4908cbd1ff1be592439b17aa4b3a1f
rejected_segments/raw_phone__IMG_2012_2__49a314d0__0002.wav,377804,34d22c86eda782521988d6f98af8e750bb5c813b847a3e409e49be558eb7e85f
rejected_segments/raw_phone__IMG_2012__3b4a2b8d__0001.wav,155716,aef74cad2facfb6459e41b667485cde6a6fc716abaa0c7e924b7ed7385874aad
rejected_segments/raw_phone__IMG_2014__e7448293__0001.wav,481194,9470042d1b6cc760b29634a001e4e6a26e63b375a15d7ad3cb3b0c53189d1a23
rejected_segments/raw_phone__IMG_2027_3__eb88356e__0001.wav,187244,63d382a0de6e85a1a48efd1f554ecaafc0e8e1c8d3399889a2aaa6ea5de00d1d
rejected_segments/raw_phone__IMG_2028_3__68441c0a__0001.wav,157676,023459fde08968ad3d516f46952876cd87d6518193d19d56ab5d18b37192e8cb
rejected_segments/raw_phone__IMG_2029_3__a4f46095__0001.wav,256364,db41b4a184e4c04108957b53c92f9372154d09c94a52284da2c90b776e890c4c
rejected_segments/raw_phone__IMG_2030_3__426e31ff__0001.wav,305324,8e31487063f6b40d6709312c00e6df2dde0252e72d6089944d3724cff828932a
rejected_segments/raw_phone__IMG_2034_2__87545cc7__0001.wav,43244,9a478d79bbad190f5e91495928b1857a4d575474107f4811544c90842ca9d122
rejected_segments/raw_phone__IMG_2034_2__87545cc7__0002.wav,345644,112414080ee9da898f9f37ad1a5550a754f3fb020bd91604f36a16d02137d023
rejected_segments/raw_phone__IMG_2035_2__a866ab96__0001.wav,123884,ced3bdfb3bac92370423d54ef662fd787e4f48845b2fec2b4b29239551195207
rejected_segments/raw_phone__IMG_2035_2__a866ab96__0002.wav,342764,5f18dc08b6990c91a526a02df13df18ac46efccf5708a504efc7d9e7f3a1dad5
rejected_segments/raw_phone__IMG_2037_2__6e1bb271__0001.wav,204524,b9890485fdd6b08fd497281c7bbb3a8f2e001a39e6034168e73e2c23b2fcbc8d
rejected_segments/raw_phone__IMG_2277__13da92cf__0001.wav,322604,be63ad2930b6cdb428c926f9a0d11a3d9773fbae2ac21305883e874c577ac9b7
rejected_segments/raw_phone__IMG_2283__120faad3__0002.wav,66924,0b4961a3e179e1ba04390398c0e7d1d31a504bc6ce30f82288bb767f6dc771cf
rejected_segments/raw_phone__IMG_2286__52e0ada6__0001.wav,293804,230eb4afecae1e94eccc27284c17a321a3b12e6e0e8fa86109e793838d85f00a
rejected_segments/raw_phone__IMG_2312_2__981b5784__0001.wav,126764,e5483e0c186c76817b7766dabdf9c8e71589c6e7d441e2b92281c2eb95a2fa63
rejected_segments/raw_phone__IMG_2312_2__981b5784__0002.wav,123884,4e443d2d7b58517988304966807e5b99072b2ed5948dac474fd9e16e76ad7988
rejected_segments/raw_phone__IMG_2312_2__981b5784__0003.wav,152686,fa46523334f604808b6827610377910cfc0b8b435e7e74b4b1542a28e45d6f93
rejected_segments/raw_phone__IMG_2312_2__981b5784__0004.wav,443564,069b4e5ed0ce0179d14c45518cc5f147642fcbe55f730ff64a95c220a49314b5
rejected_segments/raw_phone__IMG_2312_2__981b5784__0006.wav,141164,1b498e4198994110cc59436f004b0abdc69b7d6593c733b2189b0f397762bd38
rejected_segments/raw_phone__IMG_2312_2__981b5784__0007.wav,279404,e7d1bb6130b7f041c33e379bf4a1dc3d38b36746fb70f486519343bfdddd6bed
rejected_segments/raw_phone__IMG_2313__a748801f__0001.wav,158444,b10c726c768706aac3aa4d49e8f6f223ff483e4c4cf44f0c4570126adb928d64
rejected_segments/raw_phone__IMG_2313__a748801f__0005.wav,365802,e381c9034e40a4b997fc991c610c7cf9c0f9489f1bcfc02ae1e95546653ce201
rejected_segments/raw_phone__IMG_2313__a748801f__0007.wav,69164,91b3d4ce25645c1f5e51fc818c166e1de8d9c32a54e271d3c6b5a4c0c5c76e77
rejected_segments/raw_phone__IMG_2313__a748801f__0008.wav,313964,a158b4f395803acf0541bb74a9a9b2664ea304f4d7f7e407d4d8a1bd9174d19d
rejected_segments/raw_phone__IMG_2313__a748801f__0009.wav,149804,c86ba370690efcca6a9c56f38f0d83de2de080352b2c4df8e146fae01a5c00f1
rejected_segments/raw_phone__IMG_2314__b407a02c__0001.wav,72044,3af3b683dfd9384ed730d3e47594a3c8a3c6ad3e7d94d07f67eaf336dd02d4df
rejected_segments/raw_phone__IMG_2314__b407a02c__0002.wav,146924,e36d14797f0014f3797a89f20b7289677c4de3995c0a3fe034913a31122d63b1
rejected_segments/raw_phone__IMG_2345__823f1ea7__0001.wav,266924,54aa0fc1dd30074bf9e854e73f4bb1b599376da782e3aa0627842006ace2109a
rejected_segments/raw_phone__IMG_2349__cefe2922__0001.wav,239084,bbd91d1eca20511bbf382a945a55293da7b8b7e69280eae3e7c5289bad227744
rejected_segments/raw_phone__IMG_2357__8d592bc9__0001.wav,282284,551f701f6d0853e5ff7450dd8a08e792bfc8f10429fd39ff4aefa371ab614c66
rejected_segments/raw_phone__IMG_2358__2f509e2e__0001.wav,89324,1422aac28f690f7d0dc39dfd685bb199990bd90aecd4457eef7c7ed7daef9e83
rejected_segments/raw_phone__IMG_2359_2__af1c4159__0001.wav,279404,3b156ae289045001de46ae89bc73e1f2ec47fa3449a5019bfc40b517fed2d94d
rejected_segments/raw_phone__IMG_2359__36ecd9fa__0001.wav,817658,89dd3b4e3c2b836d29071e918665b82f6c4ec402e3fc76fd0eec301c843df13c
rejected_segments/raw_phone__IMG_2363__ad5b0239__0001.wav,253484,c81cec1af16a5f3b2b2e023d30be35ae92d2a23b552a30c9a28663c7768058e2
rejected_segments/raw_phone__IMG_2364__e3ce5ca9__0001.wav,302444,74a0b99525300a77b6b48b4be50abaa657c5a522ebbf9fe3c9648e70bb4352b4
rejected_segments/raw_phone__IMG_2369__095a4716__0001.wav,270764,f6375a72fa9a213f3625085673f4f95a696c459978decd77f0d7d731dd3a282f
rejected_segments/raw_phone__IMG_2379__f182edbc__0001.wav,123884,e5dcd5f7509f97b0c221ff91b0bd7ff6f7d23c251efb3b0b752bfe3e93bd1a27
rejected_segments/raw_phone__IMG_2842__46d63942__0001.wav,166124,3efbc2ac1c441d4741247324d461fec887b9987f86cfd88ec1ec3ad122ec4f6f
rejected_segments/raw_phone__IMG_2844__364ecdc8__0001.wav,313964,b388d13267852767839bb26616969d503785eb4193f9a6a455afdb4c9c39c795
rejected_segments/raw_phone__IMG_2844__364ecdc8__0002.wav,56492,9c40473d64b80efc15789b5cf577decad449beebe3e5c8682fb6dd8d713f0ac7
rejected_segments/raw_phone__IMG_2848__1d1d0c9b__0001.wav,195884,4584d99b361fe13baf990f56468e1e3eab936220105b3fa6c11c5b14d9a50482
rejected_segments/raw_phone__IMG_2852__acbdd4ac__0001.wav,221804,1c862910b6a6cbcf3a3ec6fc82bc51afd3871d00341b5cd109714642a3c03224
rejected_segments/raw_phone__IMG_2853__5683f739__0001.wav,51884,55940caab755925260e8f0c4d5d73e07f21a783ecd1e4119c1d9e2507cfa8c05
rejected_segments/raw_phone__IMG_2858__c8c851dd__0001.wav,122924,7b4bf864f058769e3b722d23c5726e89501cddcb500979fd76c518a2c8b04cb6
rejected_segments/raw_phone__IMG_2882__4f84521d__0001.wav,63404,913ee5a8ffac977bf717fd28caf24d150a6e8bfb88d1b685ff79d519c47562b4
rejected_segments/raw_phone__IMG_2884__131ad5ce__0001.wav,86444,6d095ccfaed3b539a1cedf3a26d1d6168a7a95a178c0385d05ae3830d214689d
rejected_segments/raw_phone__IMG_2889__0d242df1__0001.wav,77802,662f93cbbf4d25f7703bdfcbe28512c7a39428358d0be5d13b3e1d0065c0dde2
rejected_segments/raw_phone__IMG_2890__9b9be42d__0001.wav,63404,3e4069926a6bc32fda3acff34ffb7153d5eceee2e57c8a82f039020db77ae155
rejected_segments/raw_phone__IMG_2893__435a8ec8__0001.wav,46124,76d72a16ffb7bff30395adeab73da03e9a4d2c754c35aadedc8a95477f731104
rejected_segments/raw_phone__IMG_2894__847837f7__0001.wav,365804,6e33b6b4e88324547327471f865728979d3088284667659c65efbd65603dd592
rejected_segments/raw_phone__IMG_2896__7d6b16cb__0001.wav,190124,26a1f9462406248603d850ab593b4047dd3d03c62fd5a3034b80c2f35326e324
rejected_segments/raw_phone__IMG_2898__9cb9a420__0001.wav,126764,11e463b2ae836c3e4b05d00755afbae6dd0800da6649237c845bc4934126638d
rejected_segments/raw_phone__IMG_2900_2__a276a361__0001.wav,273644,8d2bc5290c8f12a6fd2e11b1a2275ca148bc32e0db97ac9692f2124abca5befa
rejected_segments/raw_phone__IMG_2900__72027fc1__0001.wav,156158,7a45be68d17d5873f09b66072fad5b72f7adc3ed596c3a317393ba99f0a87b5e
rejected_segments/raw_phone__IMG_2902__fca880cd__0001.wav,262124,ee02e6f1b472a3ec1a58fddff4cdc6f6bec5dae733e59896522c0509669dfc2a
rejected_segments/raw_phone__IMG_2905__3def02c5__0001.wav,224682,e2e10d895584f847d6930dcbf29dabeff019e695e13b657d4ef0a66b6b2cdba8
rejected_segments/raw_phone__IMG_2911__8fcb9aa2__0001.wav,227564,29b4bdfda0c4897cb67f3b2f63a5de778a7e1940acb91f89d43c69b621bfaeec
rejected_segments/raw_phone__IMG_2912__92a82d45__0001.wav,213164,5daab00193096e877e6601cc2398734500f121fa8ac003347d63fbe54d3c7650
rejected_segments/raw_phone__IMG_2957__7e22f02a__0001.wav,172844,e85e3fed7860f4538a615ebf516acc82651982dd1c45aa5f3dd5b65f1e78184e
rejected_segments/raw_phone__IMG_2959__a5cb6012__0001.wav,346284,98bbe85ab92c461f9aab9c719c28561a49a1d90be8124b87c79790e2ceeed836
rejected_segments/raw_phone__IMG_2961__4c788420__0001.wav,239084,9afafa1163839ae17c70e2603bd47c9611b2710d77875167bd5b068ddba22308
rejected_segments/raw_phone__IMG_3017__c7746e36__0001.wav,190124,10af125600beb6cc80b8aca2c07a6d0935328f5cd427a3e269b6c02299873e65
rejected_segments/raw_phone__IMG_3017__c7746e36__0002.wav,97964,ddc96229774b29c535aa7be1114da17e33c48b5e3738ed8520b85d38ce1bb5a4
rejected_segments/raw_phone__IMG_3017__c7746e36__0003.wav,959084,b1bcb3d5b8b9c09e7f2eaa0fddf72d5122bd753f0863a985ecb1573495dbba98
rejected_segments/raw_phone__IMG_3019__b0437921__0001.wav,513068,516f2fa30cc07ea9c1d0bab273fe7d36195f55786903f4562b560e5ae1390daf
rejected_segments/raw_phone__IMG_3020__be0525d3__0002.wav,283532,8d07e3c838e3a9d47e7468678cbdd9a82d78df57dc434a75f7893b1216a51492
rejected_segments/raw_phone__IMG_3021__d4efb23d__0002.wav,374446,c311d6454187fc13a446e42eb366230166cc4c587be9bb85efcd1a783151032c
rejected_segments/raw_phone__IMG_3032__b8da66ff__0001.wav,259244,f7c03f4b0c932bb89d9183f48524d92defcd5df6af98d8308c5c188f5947ee74
rejected_segments/raw_phone__IMG_3032__b8da66ff__0002.wav,328362,baf8be0786338254254423674b20226955689eee93c247dc98086ab3f97c9e49
rejected_segments/raw_phone__IMG_3032__b8da66ff__0003.wav,282284,0fa7fafb446e93756b4ee7255ee3dece170faff30eca831f1d8876f8e4ffdbc6
rejected_segments/raw_phone__IMG_3032__b8da66ff__0004.wav,66284,902a107ce34f7e952efaed6439c66610ce4750b61177895bd2f91b01b4d768dd
rejected_segments/raw_phone__IMG_3032__b8da66ff__0005.wav,138284,9887ca6a6cd3bb0c4d73c68a139da7aafa5c80a27dfe2aed358490ca336ed45e
rejected_segments/raw_phone__IMG_3032__b8da66ff__0006.wav,308204,f768a80a8a5855d77c9f9d0601726e4b28161ae8502f56974ff31f4b3399af54
rejected_segments/raw_phone__IMG_3032__b8da66ff__0007.wav,155564,5c5ccfd5cfae03279593d22e96d94dfb680d2d44ee81a4cea5c9bfc02b47b968
rejected_segments/raw_phone__IMG_3032__b8da66ff__0008.wav,49004,e92dc756085856fbda0c711c01164abba269bae5d3047a5733e3b77dab4a7a8b
rejected_segments/raw_phone__IMG_3034_1___c2a6557c__0001.wav,52844,bee9d044681cf685bd267aad3f84007216b4c5ebf562d9162e1917d6ba944db0
rejected_segments/raw_phone__IMG_3034__e106fa5d__0001.wav,52844,bee9d044681cf685bd267aad3f84007216b4c5ebf562d9162e1917d6ba944db0
rejected_segments/raw_phone__IMG_3037__f2ae94d0__0001.wav,314538,4ca77797cbb9dc67bf5a752f3fe5fef44143a9f1c11acd905949db0482366369
rejected_segments/raw_phone__IMG_3038__360c62ce__0001.wav,1046156,22cf333df5c73f400e1ec66e648f81c1599018010b1cbe0d57bfa905a56a1ea5
rejected_segments/raw_phone__IMG_3039__5d57e672__0001.wav,944012,cb89edbdb2746934a6a9935386e307e28ceb5f316c527a79563f35b0da41eefc
rejected_segments/raw_phone__IMG_3040__ba448b9f__0001.wav,855980,7e5004af34d0b9cfd07e729e066cf10d4473dc2f0cde4e20879a3e6c5a7fa6cd
rejected_segments/raw_phone__IMG_3051__2130d3be__0001.wav,1825962,168bdb88a8227ed6bf08a5cb71517eed3498b79efe293f175cd89ecf7cb6bca5
rejected_segments/raw_phone__IMG_3051__2130d3be__0002.wav,1909484,1630a185b7612a933c29bef0a5a626cd965b1f18cff6ad70de3340b3e96569cd
rejected_segments/raw_phone__IMG_3051__2130d3be__0003.wav,1189486,72c9451e963e3d2e8c278086621135811573a04d75389cb228d8b4f7fa02c2ec
rejected_segments/raw_phone__IMG_3051__2130d3be__0004.wav,1327998,4826794b285c154b7b58545b894432eb871ede779beff40fdbea9906888e929f
rejected_segments/raw_phone__IMG_3075__b9b0d761__0001.wav,86444,e115d0fcffab4cc0e81c398a11687f2b0c61b89b4cdb3020a8cd34511ea52a04
rejected_segments/raw_phone__IMG_3075__b9b0d761__0002.wav,57644,9e76f7cab30ab5920634b173a135a4bc7b6523728284bc6f42f677d71c372c4a
rejected_segments/raw_phone__IMG_3075__b9b0d761__0003.wav,51884,a77e192546c117f412b2fcd854612d1b15a2420c6bec69d69c375e835b3f3431
rejected_segments/raw_phone__IMG_3075__b9b0d761__0004.wav,77804,9a2701cf60d1aafded441ae14a735a420a1cf08a15973f11668517fcf9a5b37b
rejected_segments/raw_phone__IMG_3133__59e16e28__0001.wav,147372,51878c0a4d58c337ac9b08df92c00174a1848f06a9fb89ac0495d2502f66c43e
rejected_segments/raw_phone__IMG_3134__75733e6a__0001.wav,333740,0940abb92f960c8091c92fe2d79ec17b303a9c279580455c58ca8d03d8eb5c6a
rejected_segments/raw_phone__IMG_3138__ea493180__0001.wav,204716,0774f29a2ddb6fd52b6e862bffc4339a711cbc0bca720b2b2b87a157ab6c8bb9
rejected_segments/raw_phone__IMG_3141__b9968b3c__0001.wav,816812,a777dd054bf6f1b6faca73f70423b2635015df6d5e27f2ceeccf0ac75df31089
rejected_segments/raw_phone__IMG_3242__1bdea9b5__0001.wav,57644,03b8a72dff903c890594955e0e6efd4c063800d2558ba6da01b47c7d3492bef3
rejected_segments/raw_phone__IMG_3247__933c4139__0001.wav,83564,62327fc690428042289be3626a434fcce195f48f02444b36668397d5936c0e27
rejected_segments/raw_phone__IMG_3247__933c4139__0002.wav,49004,d129f20d8a378d9563d00e88d21dccbcf620bb4061f324ee4d4b879e82a3e54f
rejected_segments/raw_phone__IMG_3252__f8d2f17c__0001.wav,305324,5107b0d8d17e9584508f1b10474265643b7606a3ca8a61fd6406dbd023a628a7
rejected_segments/raw_phone__IMG_3256__67b87773__0001.wav,584684,89162a123e4dc7d09f535495261b6e84487063d150e3aa78358803b0366355fb
rejected_segments/raw_phone__IMG_3260__72313f7d__0001.wav,550124,a5d8d51f83d834a18eddfaae11f7faa7818eaba980c2dee75bf848918b6bf4e6
rejected_segments/raw_phone__IMG_3272__46565ceb__0001.wav,351402,060f4143cea7045d3842cb0479937375e7bcf8d2328cf453c42fd7c0356a2a35
rejected_segments/raw_phone__IMG_3273__f45a2d22__0001.wav,233324,500bd8a560681b6f25023eda4b3c79a7fcf1b194b9d51bb46095bd8eea62dc57
rejected_segments/raw_phone__IMG_3309__822bcc8a__0001.wav,302444,b283bddaf9556f5651462a5900801f8c10e1c8373bb7694ac9d94941129de640
rejected_segments/raw_phone__IMG_3309__822bcc8a__0002.wav,93260,aa9a7b920246c0610bc4dc421cab9fd5af02a3834a7378f577cd3c76a3227071
rejected_segments/raw_phone__IMG_3313__727e37ce__0001.wav,584684,a743e0cba3bd1a5512f8a283a15061c998416d83cbb83c57a55a363f3e6368de
rejected_segments/raw_phone__IMG_3315__56ce5924__0001.wav,472364,e99b7c97065e2eae7eaa0cb296dec76274ed1a2ad916736da0703f65c5ae872e
rejected_segments/raw_phone__IMG_3316__f4763550__0001.wav,521324,f6b92f39a3dd585ac509b972d321f9a197b6cea7579e2f515c2854cf7dba9a93
rejected_segments/raw_phone__IMG_3317__82ce91db__0001.wav,596204,cc49643bb90c709b7d8b0b5ccfd13beb009bb9aec06d69ec7d8b36b568f9731a
rejected_segments/raw_phone__IMG_3320__7c469f7b__0001.wav,288044,f78e740e0f693d9ca90d55640941c8429fa0a8c10e13f8f68cb6f4f7a26e89b2
rejected_segments/raw_phone__IMG_3321__02f5ae01__0001.wav,226508,ce875f3e16bea04d5e68ed2658f4a7fc78a9fcc4b7fd51ca2958cc28b41d7faa
rejected_segments/raw_phone__IMG_3322__469ba22b__0001.wav,308204,f8a5eb3623c1d95d7e424337d3309038559064d5e2a5fc33ef1d83f790089edb
rejected_segments/raw_phone__IMG_3323__1c411863__0001.wav,265196,27fd13749e04a5a73668c7afa39de0c29c2462fc599c4cbf7cda8ee76be63021
rejected_segments/raw_phone__IMG_3324__eb322f7e__0001.wav,403244,74e96831ac09ccbf0f010381b34f3bc81458e32c27a8c222f93774a45ae34eb5
rejected_segments/raw_phone__IMG_3326__7e9d769e__0001.wav,402764,7eb8d07f3125828ee6d5e6b80f8c59ceebaf8dc8b73a9e69118fd65c1e254985
rejected_segments/raw_phone__IMG_3328__889d6c4b__0001.wav,201644,645485a62fc566d72918b9733544d3c2a728ec7b6e7cf51a40fa4576e5823542
rejected_segments/raw_phone__IMG_3330__a8303d53__0001.wav,244846,9f2ec3e7e17740077a998fc857d0392e07a930c0ef56804f5af4fe9a12d2771e
rejected_segments/raw_phone__IMG_3332__e7e9f688__0001.wav,313260,4de8c6228b77bfd3866eeb335b9f9f22c0f559095feef219a06b926bc6f5624d
rejected_segments/raw_phone__IMG_3333__f3190ca6__0001.wav,610606,0508d59245776bf2c8b0aba04f4179f6407653252a72d477cca8058d2fd4014f
rejected_segments/raw_phone__IMG_3334__1a42c786__0001.wav,157100,f95dcec46fdc783c41f9ce4764819db9e0e0b9725f9f9c7ca8d286e187d2836d
rejected_segments/raw_phone__IMG_3335__c919401f__0001.wav,501164,5593cd5633294d8a9fdfd85c3f7ff6e1d8c0d1e28c8e571a3f1362fd732b0e6d
rejected_segments/raw_phone__IMG_3336__85505b40__0001.wav,204524,55b5c957caa559ae15e1bcaf4a9ddaf0cdc4a7375efbe7f4a00e7be1c90090b8
rejected_segments/raw_phone__IMG_3337__5b2da41a__0001.wav,475244,3329d09d1547d4e7d25dd6bd5c012200d83b033ab58cfa4e990493defc73abb8
rejected_segments/raw_phone__IMG_3338__38450966__0001.wav,374444,d20a298251665cdeaf10e54bbeba8f855b03fae30fb4f0181fc9af9ac948c939
rejected_segments/raw_phone__IMG_3339__300ada47__0001.wav,337004,c3d89b25e3c26594b7017667085bda92dd32bde94b7356eb2ae54171a0a709e7
rejected_segments/raw_phone__IMG_3340__fb855235__0001.wav,466604,1bb310da01348a1888bbf029da8a1540b972b7db876e442a83f9d7bf3bb2bd2c
rejected_segments/raw_phone__IMG_3343__c9b3931e__0001.wav,541484,b92002bb09e3b9bef3641db3e6363cc661513210530af81bbd8c51e3b4966dde
rejected_segments/raw_phone__IMG_3345__65790f25__0001.wav,475244,eb83ea35762b30da7fa489be804eb49fed091c5d466a85a43e664b7fead20bff
rejected_segments/raw_phone__IMG_3346__378ad908__0001.wav,446444,ed7d932e9f94e858020832afab44de659dd22b03a6c9a40eff31b87ee76278b9
rejected_segments/raw_phone__IMG_3347__466baee7__0001.wav,290924,b6143529ce10fd29b9997c96ea18be20768766fcc24dc14018ec5176165234f2
rejected_segments/raw_phone__IMG_3348__7b4f88d8__0001.wav,303116,867c7840d5c24b15f68b5f6c5019b116ab7e376721d160f97aff565562696c4f
rejected_segments/raw_phone__IMG_3349__de4fae39__0001.wav,162860,4528044270d112729162feeff15f9c655313981a0413208c8b8687ef6b82efad
rejected_segments/raw_phone__IMG_3350__7fb383b6__0001.wav,49004,acc1dc729f4f8f361bdb1af1fb40cd632bd893f8114e3db7c6a04cc647fe3915
rejected_segments/raw_phone__IMG_3351__85621983__0001.wav,337004,d0eb52fca8e63b74e9fafe15dd52f7d8c7c56d1aecc15877bdd61b8b6cae6a94
rejected_segments/raw_phone__IMG_3352__80a5ca32__0001.wav,532844,84627df2989558b3ea2f407a591771221654493ffcc814f72ab6569a92fd1c4a
rejected_segments/raw_phone__IMG_3353__58793589__0001.wav,411884,6cdd9dba437339b47f3007bf0dfc589ec4623ea27f96615b22bca7bf911aae39
rejected_segments/raw_phone__IMG_3354__f1e9bbfb__0001.wav,227564,77efbe3f301a0e0ded492a02f60727c9ef0d4a0aaf84597ff4b38faa1b10ec6d
rejected_segments/raw_phone__IMG_3390__fb5298ee__0001.wav,187244,3b3a046014b663ccf3a6f7f8cd66803db037698cefdf5fbd309a858af40590a7
rejected_segments/raw_phone__IMG_3391__85a943c3__0001.wav,360044,743f5960e6346ba6e3ba54bfe8c792c36a4839272531f0315fca1ff9fbf33eb4
rejected_segments/raw_phone__IMG_3392__4112f9e1__0001.wav,457964,a6b7683021def75320c0c13f6c89fcc7ebdb23f403a74a03620228344942932a
rejected_segments/raw_phone__IMG_3393__c62d36e6__0001.wav,541484,98e88afc7624e0e0f133b7e3dd5b42906a3da615ab828f3c147b9b0b1ee2462f
rejected_segments/raw_phone__IMG_3394__0b995d7e__0001.wav,380204,aade146c3545c19e486039f53d05fe5c4582aae20e7ba3a1f06d588c597c83d9
rejected_segments/raw_phone__IMG_3395__5c880db9__0001.wav,711404,41d56a16d5846ea3c5ef9dc0dd8de472f17c81903235c80a90cbfbf68378f29c
rejected_segments/youtube__40IK-ssaEn8__8fdda3ed__0001.wav,665324,5562d2c00876b946f81954f2590ba7e4b41fc1a847c27fb40bb9b9408afae54e
rejected_segments/youtube__40IK-ssaEn8__8fdda3ed__0002.wav,561644,ee44bcf1f484a9619c2a3ad2583b37d133ae4d06bf75e24e88e9ca52ec14a0c3
rejected_segments/youtube__40IK-ssaEn8__8fdda3ed__0003.wav,936044,6cf12599e3b1316a81e9156752110cf22bed8146f0c88e54fc3bfa59252f8563
rejected_segments/youtube__40IK-ssaEn8__8fdda3ed__0004.wav,1013804,be55ef719b4a57f6d393e5aa2dcdc2b206a74e70986a3da633768f6288ec8d1f
rejected_segments/youtube__40IK-ssaEn8__8fdda3ed__0005.wav,691244,d7b3bbf3bd868856cdc2c9640331e090c187d3d0e7096f2ef37a2012339eea16
rejected_segments/youtube__40IK-ssaEn8__8fdda3ed__0006.wav,846764,52ab4f326e087211ceaee291d969edee67f416047befaf5f31c20c0d4e573e59
rejected_segments/youtube__40IK-ssaEn8__8fdda3ed__0007.wav,1779882,956fcc2163c5606ff8eab12977ee13c2a9d0747d28d58260988f9d7ada9bb869
rejected_segments/youtube__40IK-ssaEn8__8fdda3ed__0008.wav,1471724,357b5b851aa10f8a7847ea91beb9d896d5cf6d0279cf5280096ccb938895c3e3
rejected_segments/youtube__40IK-ssaEn8__8fdda3ed__0009.wav,688364,c6a40878f31bfe8beb2e25a89e76f3be45c14d8ecadb7d6099ac9fcc9472fa87
rejected_segments/youtube__40IK-ssaEn8__8fdda3ed__0010.wav,1673324,6f0267e8aeafa3e178dda6ae94a57b1718c0a076608c9b518593d0cbb565b37d
rejected_segments/youtube__40IK-ssaEn8__8fdda3ed__0011.wav,1722284,d5a0a190d84a73d6ce215450e023542b1506429d0970ba85d726e32509a011b1
rejected_segments/youtube__40IK-ssaEn8__8fdda3ed__0012.wav,1123244,331fd3621be1f0353c2ce36ad27687499cbc0ec9799f7e5bdd52f7aa37ba0c02
rejected_segments/youtube__40IK-ssaEn8__8fdda3ed__0013.wav,990764,b9db7ae89a5d1b5a892b1c162c75b366bc6b20e6a0be22422e7587285671fe02
rejected_segments/youtube__40IK-ssaEn8__8fdda3ed__0016.wav,1489004,dfd74a444155129d256b634f15e6128a0207091c95e0674b776f3086b953d7e5
rejected_segments/youtube__40IK-ssaEn8__8fdda3ed__0017.wav,1878094,e77d45e0ffa350ba9055533015d5158ad52109ab655ac04addc1d54af3dbb785
rejected_segments/youtube__Or7HpGw9DIU__f75fd797__0002.wav,391724,79b05fdf43c8fefce2cc808c6ec4af8b66826005bb1312a0e22c107dabcf7d60
rejected_segments/youtube__Or7HpGw9DIU__f75fd797__0005.wav,72044,e49079b99d38b4fccad024f48ce9eb426fb4eec0c4c940e82bf2d82ccac13eea
rejected_segments/youtube__Or7HpGw9DIU__f75fd797__0009.wav,43244,e5bad73315b5866d3e41e57461c6bcc5acbb6128893ce4837bd86770854838e1
rejected_segments/youtube__Or7HpGw9DIU__f75fd797__0022.wav,279404,41daf4e16f8f5df99ca1b4427a55793858bb831ec14be856d643fb1c27f903a5
rejected_segments/youtube__VFjefygpm0E__9c0a67c5__0001.wav,92204,151978b4499eb119e78c0afea47f3ad11ea845148a8e8201d3d9d78cf519057b
rejected_segments/youtube__VFjefygpm0E__9c0a67c5__0002.wav,1497644,c4491e3f63a515d0902f9ffc91fc0b8f2979c971e63e33bfa25c1da7405388f3
rejected_segments/youtube__VFjefygpm0E__9c0a67c5__0003.wav,1442922,01580b62aed3e50e3ec1e2204bfb1742415c7cd195b9ff54ee0c70bc1e31a941
rejected_segments/youtube__VFjefygpm0E__9c0a67c5__0004.wav,1042604,8534b6fb0b6a448ad68a077e282e36eb175f5fde482b999f1c94ee7789ce2f41
rejected_segments/youtube__VFjefygpm0E__9c0a67c5__0005.wav,60524,abc22d05bdbaf4d164f0c57224979623ebf346eb5c00fb17b9028df1b8a100aa
rejected_segments/youtube__VFjefygpm0E__9c0a67c5__0006.wav,144044,4e13ebbb0d6f3fddb2a2ba5952399388a7adfbb53330fc824460aff1dd38d431
rejected_segments/youtube__VFjefygpm0E__9c0a67c5__0007.wav,158444,2c74bd8b2f7c8aacee859cc5b54626a895c0850835b3f497052c7f778ef5bff9
rejected_segments/youtube__VFjefygpm0E__9c0a67c5__0008.wav,126764,9e278cb93f1e4e567dbd68aad5b3389765c34217ba0403594c2e88aa696405c8
rejected_segments/youtube__VFjefygpm0E__9c0a67c5__0009.wav,1863404,78f03f2d81222b292aebddabb3a97a0f77b6301d9ee5618ac20fc7ff17d3d434
rejected_segments/youtube__VFjefygpm0E__9c0a67c5__0010.wav,1520684,07bdac8a7497e89ea93de0af5a49cee6dd1bee825ac24e6f340d3bc1e71b1bc2
rejected_segments/youtube__VFjefygpm0E__9c0a67c5__0011.wav,1440044,4ab94d95436e038bcafa00cad00d027233621426d8f2bef60b9b470659fe4e5a
rejected_segments/youtube__VFjefygpm0E__9c0a67c5__0012.wav,46124,14e639069611bb082fbf8e2984f6c5e8e8a438bb5917c0a9b3631cfebd481c57
rejected_segments/youtube__VFjefygpm0E__9c0a67c5__0013.wav,653804,48b9e8ab48ea116df5c754ed1e360c7fe3933b83bc01504be77dcc611a1c65ca
rejected_segments/youtube__VFjefygpm0E__9c0a67c5__0014.wav,884202,c71dbaaf8b9cfdf167dd27bb9c78e8682d681511d038b5360326c7922cdbaa4d
rejected_segments/youtube__VFjefygpm0E__9c0a67c5__0015.wav,1497644,04cdc86275b63ab60e100ef04ffcae7aa3e6c22608d662f04995517634d62319
rejected_segments/youtube__VFjefygpm0E__9c0a67c5__0016.wav,1382446,75634a59bb43aff1ec22db0608ffea5ba5101fd8f7a4150ca895624f40a2a196
rejected_segments/youtube__VFjefygpm0E__9c0a67c5__0017.wav,619244,deb5db88e6f3e4adf0c8d15e8ec10f5bbf4ae536443375a73fd804c2005902f1
rejected_segments/youtube___G6O3rO_NnU__1c559e0d__0001.wav,216044,b7b4cad6eca753d71fafc0f3d87f7bf6fae17c74b9c822b53b5d6676a455a390
rejected_segments/youtube___G6O3rO_NnU__1c559e0d__0002.wav,92204,23d3d970c1f2460a9402a35dfedbf6ec7d63aaa55cd14e939383832e5df530cf
rejected_segments/youtube___G6O3rO_NnU__1c559e0d__0003.wav,509804,a9ae495c7e3f5089b7f7942eda1ad28380efdfd0c3e4978e5e0767fb40bef36e
rejected_segments/youtube___G6O3rO_NnU__1c559e0d__0004.wav,820844,e9d2fe84e4ed0e783ce94394fd9c30c35ecede4fb7481092fc456898524103de
rejected_segments/youtube___G6O3rO_NnU__1c559e0d__0005.wav,1370924,477053b965b15fe636e1046f192a0591397f71834b2a0cb21c98f177de28168a
rejected_segments/youtube___G6O3rO_NnU__1c559e0d__0006.wav,1681964,fd927a92663e826b8c58d3ff924c3953d972c1413236fbae469c61868b2b0f01
rejected_segments/youtube___G6O3rO_NnU__1c559e0d__0007.wav,1460204,195751f679e9fcc534c52651f6492262b25b595aaca4b22b2b7490632dd798f4
rejected_segments/youtube___G6O3rO_NnU__1c559e0d__0008.wav,1157804,7e6511d65affc8394a17241d0febd15dbf1ff674f1ea42a6a37e72959c08c598
rejected_segments/youtube___G6O3rO_NnU__1c559e0d__0009.wav,1828844,4c0c3a0603a44eeb10020fd639f750f128a6ef53eab40a6dce8fa7d137fc35e0
rejected_segments/youtube___G6O3rO_NnU__1c559e0d__0010.wav,1745324,aa6721c76c8ecfd80d309f27c617dd388bc94b195aee65bb6a2299dca1b9c073
rejected_segments/youtube___G6O3rO_NnU__1c559e0d__0011.wav,797132,be4ab19b6a43568cc1cdf3b39cc6ad8fe787e6211312d9ee51f0f3d7eab16b8d
rejected_segments/youtube__dLmwd_Iyzaw__22f51b1e__0001.wav,1705004,be9adf65221fd3f24da8bbced1cd3f36dab92d07bc81b9729ec4bc1e4ae3bf9c
rejected_segments/youtube__dLmwd_Iyzaw__22f51b1e__0006.wav,1627244,a57daedd0fce925901ff6140603507426e16d128fe1d5fc5e95a0c741c369ac1
rejected_segments/youtube__dLmwd_Iyzaw__22f51b1e__0007.wav,1569644,5ae8ef5d4c2eb4267debef4befb1f5ed26aba49aa277fc694393fadbd3285673
rejected_segments/youtube__dLmwd_Iyzaw__22f51b1e__0009.wav,1725162,2e28e400b1337f380d0d77b6e4496b02b5ea79d4329659b989e38aaccde29bfe
rejected_segments/youtube__dLmwd_Iyzaw__22f51b1e__0012.wav,645164,4b2919f1728a6e1ec8f052869efcbdd98772a64494041525fe0d7ffc84bf6f84
rejected_segments/youtube__lwNvDtT3Vrs__96ecbf24__0001.wav,1002284,03eadd6aa5db5503713bdd97887ea04765eb631cb51466e61f501040c00cc9a4
rejected_segments/youtube__v5X9L_0-6-s__47c6f77b__0001.wav,322604,385137cc9181c37688cae71553968b4c485b73b9ed50b86ea1f7d0d246e7e04c
rejected_segments/youtube__v5X9L_0-6-s__47c6f77b__0002.wav,1347884,f2bf8624918851a58126728dfa6a19f9aa8d0d17e2490ba8786c3448cf184e23
rejected_segments/youtube__v5X9L_0-6-s__47c6f77b__0003.wav,581804,701410b4333b58dae29dc0d785bb48a9e0a64eff969b64a000ccd8f3d5592f31
rejected_segments/youtube__v5X9L_0-6-s__47c6f77b__0004.wav,535724,7e86c6c1cd5af35c4fbbafeecf1bbf801fce378584a2ae6992e45c4fa7bad4fe
rejected_segments/youtube__v5X9L_0-6-s__47c6f77b__0005.wav,1874924,22f21c865fd8f5be779b78ca815ee0903bcc77e45d4ece6bbd5261e2c537341a
rejected_segments/youtube__v5X9L_0-6-s__47c6f77b__0006.wav,1938284,8eb72bcbe7076ae7772566b62018c933b62c0a711ee5544c1c7be3426b1fb10f
rejected_segments/youtube__v5X9L_0-6-s__47c6f77b__0007.wav,1699246,ca66aca4fc316860399fb80282971dfa8dcd0f7083492fe9798005ea1527deac
rejected_segments/youtube__v5X9L_0-6-s__47c6f77b__0008.wav,524204,d7d354d5b00f8d01e85e19fe2722721ae7328058cdb08659833a1f11587a82e1
rejected_segments/youtube__v5X9L_0-6-s__47c6f77b__0009.wav,1333484,6d1d569367a03d1a7cac9653eb39467164fa2ad3ce7deb9a6bcd19f3d52e9c36
rejected_segments/youtube__v5X9L_0-6-s__47c6f77b__0010.wav,1549484,6a15feb28655fa2995c2de4b1233fa8ff67bd4ead345f16ae3993fb2996c57b1
rejected_segments/youtube__v5X9L_0-6-s__47c6f77b__0011.wav,1903724,216bca09683615c1a8ac4f3ead06071cd198eddfe8488d548df3f75f23d6bab3
rejected_segments/youtube__v5X9L_0-6-s__47c6f77b__0012.wav,54762,ece3d787db551d7a0720a929a81df7f9c60c1d4f5110d85b0c22e418f9d02230
rejected_segments/youtube__v5X9L_0-6-s__47c6f77b__0013.wav,866924,e87f33abd5f4aa9475f8bd9936d8deb37b59ad4f4635a25095a3bfbe65d285c9
rejected_segments/youtube__v5X9L_0-6-s__47c6f77b__0014.wav,1736686,f9ae86474c28ec6d49841a33e6536f392d10af96a7409aa088810c3eb133620f
rejected_segments/youtube__v5X9L_0-6-s__47c6f77b__0015.wav,892844,0287ec929abce26510fe0c4892d16bb1bc6a3fca55633c46dbc58069a4a44020
reports/crashed_files.json,3319,381635296ee95efcfb0dd71a62db8322ffc04028f7cbd999676ea7595df2643b
reports/run_output.txt,78929,41b961eec3c6ce2b0a11f0bee28dbf854b9eaa6d2d0f6c06355625e08e714e05
